{
	"format_version": "1.9.0",
	"credit": "Made with Blockbench",
	"textures": {
		"0": "block/texture",
		"1": "block/texture",
		"2": "block/texture",
		"4": "block/texture",
		"5": "block/texture",
		"6": "block/texture",
		"7": "block/texture",
		"particle": "block/texture"
	},
	"elements": [
		{
			"from": [1, 0, 4],
			"to": [2, 1, 16],
			"rotation": {"angle": 0, "axis": "y", "origin": [0, -1, 14]},
			"faces": {
				"north": {"uv": [8, 8, 9, 9], "texture": "#7"},
				"east": {"uv": [2, 2, 14, 3], "texture": "#7"},
				"south": {"uv": [4, 9, 5, 10], "texture": "#7"},
				"west": {"uv": [2, 3, 14, 4], "texture": "#7"},
				"up": {"uv": [3, 16, 2, 4], "texture": "#7"},
				"down": {"uv": [4, 4, 3, 16], "texture": "#7"}
			}
		},
		{
			"from": [14, 0, 4],
			"to": [15, 1, 16],
			"rotation": {"angle": 0, "axis": "y", "origin": [13, -1, 14]},
			"faces": {
				"north": {"uv": [4, 8, 5, 9], "texture": "#7"},
				"east": {"uv": [0, 0, 12, 1], "texture": "#7"},
				"south": {"uv": [5, 8, 6, 9], "texture": "#7"},
				"west": {"uv": [0, 1, 12, 2], "texture": "#7"},
				"up": {"uv": [1, 14, 0, 2], "texture": "#7"},
				"down": {"uv": [2, 2, 1, 14], "texture": "#7"}
			}
		},
		{
			"from": [13, 0, 2],
			"to": [14, 1, 3],
			"rotation": {"angle": 0, "axis": "y", "origin": [13, -1, 1]},
			"faces": {
				"north": {"uv": [10.5, 10.5, 11, 11], "texture": "#6"},
				"east": {"uv": [11, 0, 11.5, 0.5], "texture": "#6"},
				"south": {"uv": [11, 0.5, 11.5, 1], "texture": "#6"},
				"west": {"uv": [2.5, 11, 3, 11.5], "texture": "#6"},
				"up": {"uv": [3.5, 11.5, 3, 11], "texture": "#6"},
				"down": {"uv": [4, 11, 3.5, 11.5], "texture": "#6"}
			}
		},
		{
			"from": [3, 0, 1],
			"to": [13, 1, 2],
			"rotation": {"angle": 0, "axis": "y", "origin": [12, -1, 0]},
			"faces": {
				"north": {"uv": [6, 0, 11, 0.5], "texture": "#6"},
				"east": {"uv": [10, 10.5, 10.5, 11], "texture": "#6"},
				"south": {"uv": [6, 0.5, 11, 1], "texture": "#6"},
				"west": {"uv": [10.5, 10, 11, 10.5], "texture": "#6"},
				"up": {"uv": [9, 6.5, 4, 6], "texture": "#6"},
				"down": {"uv": [9, 6.5, 4, 7], "texture": "#6"}
			}
		},
		{
			"from": [3, 0, 2],
			"to": [13, 1, 3],
			"rotation": {"angle": 0, "axis": "y", "origin": [12, -1, 1]},
			"faces": {
				"north": {"uv": [4, 4, 14, 5], "texture": "#7"},
				"east": {"uv": [6, 8, 7, 9], "texture": "#7"},
				"south": {"uv": [4, 5, 14, 6], "texture": "#7"},
				"west": {"uv": [7, 8, 8, 9], "texture": "#7"},
				"up": {"uv": [14, 7, 4, 6], "texture": "#7"},
				"down": {"uv": [14, 7, 4, 8], "texture": "#7"}
			}
		},
		{
			"from": [2, 0, 2],
			"to": [3, 1, 3],
			"rotation": {"angle": 0, "axis": "y", "origin": [10, -1, 1]},
			"faces": {
				"north": {"uv": [7, 10.5, 7.5, 11], "texture": "#6"},
				"east": {"uv": [10.5, 7, 11, 7.5], "texture": "#6"},
				"south": {"uv": [10.5, 7.5, 11, 8], "texture": "#6"},
				"west": {"uv": [10.5, 8, 11, 8.5], "texture": "#6"},
				"up": {"uv": [9, 11, 8.5, 10.5], "texture": "#6"},
				"down": {"uv": [9.5, 10.5, 9, 11], "texture": "#6"}
			}
		},
		{
			"from": [14, 1, 2],
			"to": [15, 2, 4],
			"rotation": {"angle": 0, "axis": "y", "origin": [14, 0, 2]},
			"faces": {
				"north": {"uv": [4, 11, 4.5, 11.5], "texture": "#6"},
				"east": {"uv": [8, 9, 9, 9.5], "texture": "#6"},
				"south": {"uv": [4.5, 11, 5, 11.5], "texture": "#6"},
				"west": {"uv": [9, 9, 10, 9.5], "texture": "#6"},
				"up": {"uv": [2.5, 10.5, 2, 9.5], "texture": "#6"},
				"down": {"uv": [3, 9.5, 2.5, 10.5], "texture": "#6"}
			}
		},
		{
			"from": [3, 1, 0],
			"to": [13, 2, 1],
			"rotation": {"angle": 0, "axis": "y", "origin": [12, 0, -1]},
			"faces": {
				"north": {"uv": [4, 4, 9, 4.5], "texture": "#6"},
				"east": {"uv": [2.5, 10.5, 3, 11], "texture": "#6"},
				"south": {"uv": [4, 4.5, 9, 5], "texture": "#6"},
				"west": {"uv": [3, 10.5, 3.5, 11], "texture": "#6"},
				"up": {"uv": [9, 5.5, 4, 5], "texture": "#6"},
				"down": {"uv": [9, 5.5, 4, 6], "texture": "#6"}
			}
		},
		{
			"from": [13, 1, 1],
			"to": [14, 2, 2],
			"rotation": {"angle": 0, "axis": "y", "origin": [13, 0, 0]},
			"faces": {
				"north": {"uv": [0.5, 11.5, 1, 12], "texture": "#6"},
				"east": {"uv": [11.5, 0.5, 12, 1], "texture": "#6"},
				"south": {"uv": [1, 11.5, 1.5, 12], "texture": "#6"},
				"west": {"uv": [1.5, 11.5, 2, 12], "texture": "#6"},
				"up": {"uv": [2.5, 12, 2, 11.5], "texture": "#6"},
				"down": {"uv": [3, 11.5, 2.5, 12], "texture": "#6"}
			}
		},
		{
			"from": [2, 1, 1],
			"to": [3, 2, 2],
			"rotation": {"angle": 0, "axis": "y", "origin": [10, 0, 0]},
			"faces": {
				"north": {"uv": [3.5, 10.5, 4, 11], "texture": "#6"},
				"east": {"uv": [5, 10.5, 5.5, 11], "texture": "#6"},
				"south": {"uv": [5.5, 10.5, 6, 11], "texture": "#6"},
				"west": {"uv": [6, 10.5, 6.5, 11], "texture": "#6"},
				"up": {"uv": [7, 11, 6.5, 10.5], "texture": "#6"},
				"down": {"uv": [11, 6.5, 10.5, 7], "texture": "#6"}
			}
		},
		{
			"from": [1, 1, 2],
			"to": [2, 2, 4],
			"rotation": {"angle": 0, "axis": "y", "origin": [9, 0, 1]},
			"faces": {
				"north": {"uv": [9.5, 10.5, 10, 11], "texture": "#6"},
				"east": {"uv": [2, 9, 3, 9.5], "texture": "#6"},
				"south": {"uv": [10.5, 9.5, 11, 10], "texture": "#6"},
				"west": {"uv": [9, 6, 10, 6.5], "texture": "#6"},
				"up": {"uv": [9.5, 7.5, 9, 6.5], "texture": "#6"},
				"down": {"uv": [9.5, 7.5, 9, 8.5], "texture": "#6"}
			}
		},
		{
			"from": [14, 2, 2],
			"to": [15, 3, 4],
			"rotation": {"angle": 0, "axis": "y", "origin": [14, 1, 2]},
			"faces": {
				"north": {"uv": [5, 11, 5.5, 11.5], "texture": "#6"},
				"east": {"uv": [3, 9.5, 4, 10], "texture": "#6"},
				"south": {"uv": [5.5, 11, 6, 11.5], "texture": "#6"},
				"west": {"uv": [4, 9.5, 5, 10], "texture": "#6"},
				"up": {"uv": [5.5, 10.5, 5, 9.5], "texture": "#6"},
				"down": {"uv": [6, 9.5, 5.5, 10.5], "texture": "#6"}
			}
		},
		{
			"from": [3, 2, 0],
			"to": [13, 3, 1],
			"rotation": {"angle": 0, "axis": "y", "origin": [12, 1, -1]},
			"faces": {
				"north": {"uv": [7, 1, 12, 1.5], "texture": "#6"},
				"east": {"uv": [3, 11.5, 3.5, 12], "texture": "#6"},
				"south": {"uv": [7, 1.5, 12, 2], "texture": "#6"},
				"west": {"uv": [3.5, 11.5, 4, 12], "texture": "#6"},
				"up": {"uv": [9, 7.5, 4, 7], "texture": "#6"},
				"down": {"uv": [9, 7.5, 4, 8], "texture": "#6"}
			}
		},
		{
			"from": [13, 2, 1],
			"to": [14, 3, 2],
			"rotation": {"angle": 0, "axis": "y", "origin": [13, 1, 0]},
			"faces": {
				"north": {"uv": [8.5, 11, 9, 11.5], "texture": "#6"},
				"east": {"uv": [9, 11, 9.5, 11.5], "texture": "#6"},
				"south": {"uv": [11, 9, 11.5, 9.5], "texture": "#6"},
				"west": {"uv": [9.5, 11, 10, 11.5], "texture": "#6"},
				"up": {"uv": [11.5, 10, 11, 9.5], "texture": "#6"},
				"down": {"uv": [10.5, 11, 10, 11.5], "texture": "#6"}
			}
		},
		{
			"from": [2, 2, 1],
			"to": [3, 3, 2],
			"rotation": {"angle": 0, "axis": "y", "origin": [10, 1, 0]},
			"faces": {
				"north": {"uv": [6, 11.5, 6.5, 12], "texture": "#6"},
				"east": {"uv": [11.5, 6, 12, 6.5], "texture": "#6"},
				"south": {"uv": [6.5, 11.5, 7, 12], "texture": "#6"},
				"west": {"uv": [11.5, 6.5, 12, 7], "texture": "#6"},
				"up": {"uv": [7.5, 12, 7, 11.5], "texture": "#6"},
				"down": {"uv": [12, 7, 11.5, 7.5], "texture": "#6"}
			}
		},
		{
			"from": [1, 2, 2],
			"to": [2, 3, 4],
			"rotation": {"angle": 0, "axis": "y", "origin": [9, 1, 1]},
			"faces": {
				"north": {"uv": [11.5, 9, 12, 9.5], "texture": "#6"},
				"east": {"uv": [9.5, 9.5, 10.5, 10], "texture": "#6"},
				"south": {"uv": [9.5, 11.5, 10, 12], "texture": "#6"},
				"west": {"uv": [3, 10, 4, 10.5], "texture": "#6"},
				"up": {"uv": [4.5, 11, 4, 10], "texture": "#6"},
				"down": {"uv": [5, 10, 4.5, 11], "texture": "#6"}
			}
		},
		{
			"from": [14, 3, 2],
			"to": [15, 4, 4],
			"rotation": {"angle": 0, "axis": "y", "origin": [14, 2, 2]},
			"faces": {
				"north": {"uv": [6, 11, 6.5, 11.5], "texture": "#6"},
				"east": {"uv": [6, 9.5, 7, 10], "texture": "#6"},
				"south": {"uv": [11, 6, 11.5, 6.5], "texture": "#6"},
				"west": {"uv": [9.5, 6.5, 10.5, 7], "texture": "#6"},
				"up": {"uv": [7.5, 10.5, 7, 9.5], "texture": "#6"},
				"down": {"uv": [10, 7, 9.5, 8], "texture": "#6"}
			}
		},
		{
			"from": [3, 3, 0],
			"to": [13, 4, 1],
			"rotation": {"angle": 0, "axis": "y", "origin": [12, 2, -1]},
			"faces": {
				"north": {"uv": [8, 2, 13, 2.5], "texture": "#6"},
				"east": {"uv": [4, 11.5, 4.5, 12], "texture": "#6"},
				"south": {"uv": [8, 2.5, 13, 3], "texture": "#6"},
				"west": {"uv": [4.5, 11.5, 5, 12], "texture": "#6"},
				"up": {"uv": [9, 8.5, 4, 8], "texture": "#6"},
				"down": {"uv": [13.5, 3, 8.5, 3.5], "texture": "#6"}
			}
		},
		{
			"from": [13, 3, 1],
			"to": [14, 4, 2],
			"rotation": {"angle": 0, "axis": "y", "origin": [13, 2, 0]},
			"faces": {
				"north": {"uv": [11, 10, 11.5, 10.5], "texture": "#6"},
				"east": {"uv": [10.5, 11, 11, 11.5], "texture": "#6"},
				"south": {"uv": [11, 10.5, 11.5, 11], "texture": "#6"},
				"west": {"uv": [11, 11, 11.5, 11.5], "texture": "#6"},
				"up": {"uv": [0.5, 12, 0, 11.5], "texture": "#6"},
				"down": {"uv": [12, 0, 11.5, 0.5], "texture": "#6"}
			}
		},
		{
			"from": [2, 3, 1],
			"to": [3, 4, 2],
			"rotation": {"angle": 0, "axis": "y", "origin": [10, 2, 0]},
			"faces": {
				"north": {"uv": [7.5, 11.5, 8, 12], "texture": "#6"},
				"east": {"uv": [11.5, 7.5, 12, 8], "texture": "#6"},
				"south": {"uv": [8, 11.5, 8.5, 12], "texture": "#6"},
				"west": {"uv": [11.5, 8, 12, 8.5], "texture": "#6"},
				"up": {"uv": [9, 12, 8.5, 11.5], "texture": "#6"},
				"down": {"uv": [9.5, 11.5, 9, 12], "texture": "#6"}
			}
		},
		{
			"from": [1, 3, 2],
			"to": [2, 4, 4],
			"rotation": {"angle": 0, "axis": "y", "origin": [9, 2, 1]},
			"faces": {
				"north": {"uv": [11.5, 9.5, 12, 10], "texture": "#6"},
				"east": {"uv": [6, 10, 7, 10.5], "texture": "#6"},
				"south": {"uv": [10, 11.5, 10.5, 12], "texture": "#6"},
				"west": {"uv": [10, 6, 11, 6.5], "texture": "#6"},
				"up": {"uv": [10.5, 8, 10, 7], "texture": "#6"},
				"down": {"uv": [8, 10, 7.5, 11], "texture": "#6"}
			}
		},
		{
			"from": [0, 1, 4],
			"to": [1, 2, 16],
			"rotation": {"angle": 0, "axis": "y", "origin": [-1, 0, 14]},
			"faces": {
				"north": {"uv": [2, 12, 2.5, 12.5], "texture": "#6"},
				"east": {"uv": [0, 0, 6, 0.5], "texture": "#6"},
				"south": {"uv": [2.5, 12, 3, 12.5], "texture": "#6"},
				"west": {"uv": [0, 0.5, 6, 1], "texture": "#6"},
				"up": {"uv": [0.5, 7, 0, 1], "texture": "#6"},
				"down": {"uv": [1, 1, 0.5, 7], "texture": "#6"}
			}
		},
		{
			"from": [15, 2, 4],
			"to": [16, 3, 16],
			"rotation": {"angle": 0, "axis": "y", "origin": [14, 1, 14]},
			"faces": {
				"north": {"uv": [6, 0, 6.5, 0.5], "texture": "#5"},
				"east": {"uv": [0, 0, 6, 0.5], "texture": "#5"},
				"south": {"uv": [6, 0.5, 6.5, 1], "texture": "#5"},
				"west": {"uv": [0, 0.5, 6, 1], "texture": "#5"},
				"up": {"uv": [0.5, 7, 0, 1], "texture": "#5"},
				"down": {"uv": [1, 1, 0.5, 7], "texture": "#5"}
			}
		},
		{
			"from": [0, 2, 4],
			"to": [1, 3, 16],
			"rotation": {"angle": 0, "axis": "y", "origin": [-1, 1, 14]},
			"faces": {
				"north": {"uv": [3, 12, 3.5, 12.5], "texture": "#6"},
				"east": {"uv": [1, 1, 7, 1.5], "texture": "#6"},
				"south": {"uv": [3.5, 12, 4, 12.5], "texture": "#6"},
				"west": {"uv": [1, 1.5, 7, 2], "texture": "#6"},
				"up": {"uv": [1.5, 8, 1, 2], "texture": "#6"},
				"down": {"uv": [2, 2, 1.5, 8], "texture": "#6"}
			}
		},
		{
			"from": [15, 3, 4],
			"to": [16, 4, 16],
			"rotation": {"angle": 0, "axis": "y", "origin": [14, 2, 14]},
			"faces": {
				"north": {"uv": [6.5, 0.5, 7, 1], "texture": "#5"},
				"east": {"uv": [2, 2, 8, 2.5], "texture": "#5"},
				"south": {"uv": [6, 6.5, 6.5, 7], "texture": "#5"},
				"west": {"uv": [2, 2.5, 8, 3], "texture": "#5"},
				"up": {"uv": [2.5, 9, 2, 3], "texture": "#5"},
				"down": {"uv": [3, 3, 2.5, 9], "texture": "#5"}
			}
		},
		{
			"from": [0, 3, 4],
			"to": [1, 4, 16],
			"rotation": {"angle": 0, "axis": "y", "origin": [-1, 2, 14]},
			"faces": {
				"north": {"uv": [4, 12, 4.5, 12.5], "texture": "#6"},
				"east": {"uv": [2, 2, 8, 2.5], "texture": "#6"},
				"south": {"uv": [4.5, 12, 5, 12.5], "texture": "#6"},
				"west": {"uv": [2, 2.5, 8, 3], "texture": "#6"},
				"up": {"uv": [2.5, 9, 2, 3], "texture": "#6"},
				"down": {"uv": [3, 3, 2.5, 9], "texture": "#6"}
			}
		},
		{
			"from": [15, 4, 5],
			"to": [16, 5, 16],
			"rotation": {"angle": 0, "axis": "y", "origin": [14, 3, 14]},
			"faces": {
				"north": {"uv": [6.5, 6, 7, 6.5], "texture": "#5"},
				"east": {"uv": [3, 3, 8.5, 3.5], "texture": "#5"},
				"south": {"uv": [6.5, 6.5, 7, 7], "texture": "#5"},
				"west": {"uv": [3, 3.5, 8.5, 4], "texture": "#5"},
				"up": {"uv": [3.5, 9.5, 3, 4], "texture": "#5"},
				"down": {"uv": [4, 4, 3.5, 9.5], "texture": "#5"}
			}
		},
		{
			"from": [0, 4, 5],
			"to": [1, 5, 16],
			"rotation": {"angle": 0, "axis": "y", "origin": [-1, 3, 14]},
			"faces": {
				"north": {"uv": [5, 12, 5.5, 12.5], "texture": "#6"},
				"east": {"uv": [3, 3, 8.5, 3.5], "texture": "#6"},
				"south": {"uv": [5.5, 12, 6, 12.5], "texture": "#6"},
				"west": {"uv": [3, 3.5, 8.5, 4], "texture": "#6"},
				"up": {"uv": [3.5, 9.5, 3, 4], "texture": "#6"},
				"down": {"uv": [4, 4, 3.5, 9.5], "texture": "#6"}
			}
		},
		{
			"from": [0, 5, 7],
			"to": [1, 6, 16],
			"rotation": {"angle": 0, "axis": "y", "origin": [-1, 4, 14]},
			"faces": {
				"north": {"uv": [6, 12, 6.5, 12.5], "texture": "#6"},
				"east": {"uv": [8.5, 3.5, 13, 4], "texture": "#6"},
				"south": {"uv": [12, 6, 12.5, 6.5], "texture": "#6"},
				"west": {"uv": [4, 8.5, 8.5, 9], "texture": "#6"},
				"up": {"uv": [0.5, 11.5, 0, 7], "texture": "#6"},
				"down": {"uv": [1, 7, 0.5, 11.5], "texture": "#6"}
			}
		},
		{
			"from": [0, 6, 9],
			"to": [1, 7, 16],
			"rotation": {"angle": 0, "axis": "y", "origin": [-1, 5, 14]},
			"faces": {
				"north": {"uv": [8, 12, 8.5, 12.5], "texture": "#6"},
				"east": {"uv": [9, 5, 12.5, 5.5], "texture": "#6"},
				"south": {"uv": [12, 8, 12.5, 8.5], "texture": "#6"},
				"west": {"uv": [9, 5.5, 12.5, 6], "texture": "#6"},
				"up": {"uv": [1.5, 11.5, 1, 8], "texture": "#6"},
				"down": {"uv": [2, 8, 1.5, 11.5], "texture": "#6"}
			}
		},
		{
			"from": [15, 5, 7],
			"to": [16, 6, 16],
			"rotation": {"angle": 0, "axis": "y", "origin": [14, 4, 14]},
			"faces": {
				"north": {"uv": [0.5, 7, 1, 7.5], "texture": "#5"},
				"east": {"uv": [4, 4, 8.5, 4.5], "texture": "#5"},
				"south": {"uv": [7, 0.5, 7.5, 1], "texture": "#5"},
				"west": {"uv": [4, 4.5, 8.5, 5], "texture": "#5"},
				"up": {"uv": [4.5, 9.5, 4, 5], "texture": "#5"},
				"down": {"uv": [5, 5, 4.5, 9.5], "texture": "#5"}
			}
		},
		{
			"from": [15, 6, 9],
			"to": [16, 7, 16],
			"rotation": {"angle": 0, "axis": "y", "origin": [14, 5, 14]},
			"faces": {
				"north": {"uv": [0, 7, 0.5, 7.5], "texture": "#5"},
				"east": {"uv": [5, 5, 8.5, 5.5], "texture": "#5"},
				"south": {"uv": [7, 0, 7.5, 0.5], "texture": "#5"},
				"west": {"uv": [5, 5.5, 8.5, 6], "texture": "#5"},
				"up": {"uv": [5.5, 9.5, 5, 6], "texture": "#5"},
				"down": {"uv": [6, 6, 5.5, 9.5], "texture": "#5"}
			}
		},
		{
			"from": [15, 1, 4],
			"to": [16, 2, 16],
			"rotation": {"angle": 0, "axis": "y", "origin": [14, 0, 14]},
			"faces": {
				"north": {"uv": [6, 6, 6.5, 6.5], "texture": "#5"},
				"east": {"uv": [1, 1, 7, 1.5], "texture": "#5"},
				"south": {"uv": [6.5, 0, 7, 0.5], "texture": "#5"},
				"west": {"uv": [1, 1.5, 7, 2], "texture": "#5"},
				"up": {"uv": [1.5, 8, 1, 2], "texture": "#5"},
				"down": {"uv": [2, 2, 1.5, 8], "texture": "#5"}
			}
		},
		{
			"from": [13, 4, 2],
			"to": [14, 5, 4],
			"rotation": {"angle": 0, "axis": "y", "origin": [13, 3, 2]},
			"faces": {
				"north": {"uv": [8, 11, 8.5, 11.5], "texture": "#6"},
				"east": {"uv": [7.5, 9.5, 8.5, 10], "texture": "#6"},
				"south": {"uv": [11, 8, 11.5, 8.5], "texture": "#6"},
				"west": {"uv": [9.5, 8, 10.5, 8.5], "texture": "#6"},
				"up": {"uv": [9, 10.5, 8.5, 9.5], "texture": "#6"},
				"down": {"uv": [9.5, 9.5, 9, 10.5], "texture": "#6"}
			}
		},
		{
			"from": [4, 4, 1],
			"to": [12, 5, 2],
			"rotation": {"angle": 0, "axis": "y", "origin": [11, 3, 0]},
			"faces": {
				"north": {"uv": [8.5, 8.5, 12.5, 9], "texture": "#6"},
				"east": {"uv": [5, 11.5, 5.5, 12], "texture": "#6"},
				"south": {"uv": [4, 9, 8, 9.5], "texture": "#6"},
				"west": {"uv": [5.5, 11.5, 6, 12], "texture": "#6"},
				"up": {"uv": [13, 4.5, 9, 4], "texture": "#6"},
				"down": {"uv": [13, 4.5, 9, 5], "texture": "#6"}
			}
		},
		{
			"from": [12, 4, 1],
			"to": [13, 5, 2],
			"rotation": {"angle": 0, "axis": "y", "origin": [12, 3, 0]},
			"faces": {
				"north": {"uv": [0.5, 12, 1, 12.5], "texture": "#6"},
				"east": {"uv": [12, 0.5, 12.5, 1], "texture": "#6"},
				"south": {"uv": [1, 12, 1.5, 12.5], "texture": "#6"},
				"west": {"uv": [12, 1, 12.5, 1.5], "texture": "#6"},
				"up": {"uv": [2, 12.5, 1.5, 12], "texture": "#6"},
				"down": {"uv": [12.5, 1.5, 12, 2], "texture": "#6"}
			}
		},
		{
			"from": [3, 4, 1],
			"to": [4, 5, 2],
			"rotation": {"angle": 0, "axis": "y", "origin": [11, 3, 0]},
			"faces": {
				"north": {"uv": [11.5, 10.5, 12, 11], "texture": "#6"},
				"east": {"uv": [11, 11.5, 11.5, 12], "texture": "#6"},
				"south": {"uv": [11.5, 11, 12, 11.5], "texture": "#6"},
				"west": {"uv": [11.5, 11.5, 12, 12], "texture": "#6"},
				"up": {"uv": [0.5, 12.5, 0, 12], "texture": "#6"},
				"down": {"uv": [12.5, 0, 12, 0.5], "texture": "#6"}
			}
		},
		{
			"from": [1, 4, 4],
			"to": [2, 5, 5],
			"rotation": {"angle": 0, "axis": "y", "origin": [9, 3, 3]},
			"faces": {
				"north": {"uv": [6.5, 12, 7, 12.5], "texture": "#6"},
				"east": {"uv": [12, 6.5, 12.5, 7], "texture": "#6"},
				"south": {"uv": [7, 12, 7.5, 12.5], "texture": "#6"},
				"west": {"uv": [12, 7, 12.5, 7.5], "texture": "#6"},
				"up": {"uv": [8, 12.5, 7.5, 12], "texture": "#6"},
				"down": {"uv": [12.5, 7.5, 12, 8], "texture": "#6"}
			}
		},
		{
			"from": [14, 4, 4],
			"to": [15, 5, 5],
			"rotation": {"angle": 0, "axis": "y", "origin": [22, 3, 3]},
			"faces": {
				"north": {"uv": [6.5, 11, 7, 11.5], "texture": "#6"},
				"east": {"uv": [11, 6.5, 11.5, 7], "texture": "#6"},
				"south": {"uv": [7, 11, 7.5, 11.5], "texture": "#6"},
				"west": {"uv": [11, 7, 11.5, 7.5], "texture": "#6"},
				"up": {"uv": [8, 11.5, 7.5, 11], "texture": "#6"},
				"down": {"uv": [11.5, 7.5, 11, 8], "texture": "#6"}
			}
		},
		{
			"from": [2, 4, 2],
			"to": [3, 5, 4],
			"rotation": {"angle": 0, "axis": "y", "origin": [10, 3, 1]},
			"faces": {
				"north": {"uv": [11.5, 10, 12, 10.5], "texture": "#6"},
				"east": {"uv": [10, 9, 11, 9.5], "texture": "#6"},
				"south": {"uv": [10.5, 11.5, 11, 12], "texture": "#6"},
				"west": {"uv": [9.5, 10, 10.5, 10.5], "texture": "#6"},
				"up": {"uv": [8.5, 11, 8, 10], "texture": "#6"},
				"down": {"uv": [2.5, 10.5, 2, 11.5], "texture": "#6"}
			}
		},
		{
			"from": [2, 0, 3],
			"to": [14, 1, 16],
			"rotation": {"angle": 0, "axis": "y", "origin": [5, 0, 11]},
			"faces": {
				"north": {"uv": [0, 7, 6, 7.5], "texture": "#4"},
				"east": {"uv": [0, 6.5, 6.5, 7], "texture": "#4"},
				"south": {"uv": [6, 7, 12, 7.5], "texture": "#4"},
				"west": {"uv": [6.5, 6.5, 13, 7], "texture": "#4"},
				"up": {"uv": [6, 6.5, 0, 0], "texture": "#4"},
				"down": {"uv": [12, 0, 6, 6.5], "texture": "#4"}
			}
		},
		{
			"from": [7, 1, 9],
			"to": [9, 2, 12],
			"rotation": {"angle": 0, "axis": "y", "origin": [5, 1, 11]},
			"faces": {
				"north": {"uv": [0, 4, 2, 5], "texture": "#0"},
				"east": {"uv": [0, 3, 3, 4], "texture": "#0"},
				"south": {"uv": [4, 0, 6, 1], "texture": "#0"},
				"west": {"uv": [3, 3, 6, 4], "texture": "#0"},
				"up": {"uv": [2, 3, 0, 0], "texture": "#0"},
				"down": {"uv": [4, 0, 2, 3], "texture": "#0"}
			}
		},
		{
			"from": [1, 2, 9],
			"to": [15, 3, 14],
			"rotation": {"angle": 0, "axis": "y", "origin": [5, 2, 11]},
			"faces": {
				"north": {"uv": [0, 10, 14, 11], "texture": "#1"},
				"east": {"uv": [0, 12, 5, 13], "texture": "#1"},
				"south": {"uv": [0, 11, 14, 12], "texture": "#1"},
				"west": {"uv": [5, 12, 10, 13], "texture": "#1"},
				"up": {"uv": [14, 5, 0, 0], "texture": "#1"},
				"down": {"uv": [14, 5, 0, 10], "texture": "#1"}
			}
		},
		{
			"from": [1, 1, 14],
			"to": [15, 8, 15],
			"rotation": {"angle": 0, "axis": "y", "origin": [5, 1, 12]},
			"faces": {
				"north": {"uv": [0, 0, 7, 3.5], "texture": "#2"},
				"east": {"uv": [7, 0.5, 7.5, 4], "texture": "#2"},
				"south": {"uv": [0, 3.5, 7, 7], "texture": "#2"},
				"west": {"uv": [7, 4, 7.5, 7.5], "texture": "#2"},
				"up": {"uv": [7, 7.5, 0, 7], "texture": "#2"},
				"down": {"uv": [14, 0, 7, 0.5], "texture": "#2"}
			}
		},
		{
			"from": [1, 1, 15],
			"to": [15, 8, 16],
			"rotation": {"angle": 0, "axis": "y", "origin": [5, 1, 13]},
			"faces": {
				"north": {"uv": [0, 0, 7, 3.5], "texture": "#2"},
				"east": {"uv": [7, 0.5, 7.5, 4], "texture": "#2"},
				"south": {"uv": [0, 3.5, 7, 7], "texture": "#2"},
				"west": {"uv": [7, 4, 7.5, 7.5], "texture": "#2"},
				"up": {"uv": [7, 7.5, 0, 7], "texture": "#2"},
				"down": {"uv": [14, 0, 7, 0.5], "texture": "#2"}
			}
		}
	],
	"display": {}
}