{
	"format_version": "1.9.0",
	"credit": "Made with Blockbench",
	"texture_size": [64, 64],
	"textures": {
		"0": "block/dark_oak_boat",
		"particle": "block/dark_oak_boat"
	},
	"elements": [
		{
			"from": [0, 0, 0],
			"to": [1, 2, 2],
			"rotation": {"angle": 0, "axis": "y", "origin": [-1, 0, 0]},
			"faces": {
				"north": {"uv": [8.5, 5.75, 8.75, 6.25], "texture": "#0"},
				"east": {"uv": [13.25, 5.5, 13.75, 6], "texture": "#0"},
				"south": {"uv": [8.25, 9.25, 8.5, 9.75], "texture": "#0"},
				"west": {"uv": [13.25, 6, 13.75, 6.5], "texture": "#0"},
				"up": {"uv": [9.75, 5, 9.5, 4.5], "texture": "#0"},
				"down": {"uv": [8.5, 9.75, 8.25, 10.25], "texture": "#0"}
			}
		},
		{
			"from": [0, 0.5, 2],
			"to": [1, 1.5, 2.2],
			"rotation": {"angle": 0, "axis": "y", "origin": [-1, 0.5, 1]},
			"faces": {
				"north": {"uv": [10, 3.75, 10.25, 4], "texture": "#0"},
				"east": {"uv": [15.25, 0.25, 15.375, 0.5], "texture": "#0"},
				"south": {"uv": [10.75, 5.5, 11, 5.75], "texture": "#0"},
				"west": {"uv": [0.5, 15.25, 0.625, 15.5], "texture": "#0"},
				"up": {"uv": [15.5, 0.625, 15.25, 0.5], "texture": "#0"},
				"down": {"uv": [1, 15.25, 0.75, 15.375], "texture": "#0"}
			}
		},
		{
			"from": [0, 0.5, -0.2],
			"to": [1, 1.5, 0],
			"rotation": {"angle": 0, "axis": "y", "origin": [-1, 0.5, -1.2]},
			"faces": {
				"north": {"uv": [14.5, 3.25, 14.75, 3.5], "texture": "#0"},
				"east": {"uv": [15.25, 0.75, 15.375, 1], "texture": "#0"},
				"south": {"uv": [14.5, 4.25, 14.75, 4.5], "texture": "#0"},
				"west": {"uv": [1, 15.25, 1.125, 15.5], "texture": "#0"},
				"up": {"uv": [15.5, 1.125, 15.25, 1], "texture": "#0"},
				"down": {"uv": [1.5, 15.25, 1.25, 15.375], "texture": "#0"}
			}
		},
		{
			"from": [0, -0.2, 0.5],
			"to": [1, 0, 1.5],
			"rotation": {"angle": 0, "axis": "x", "origin": [-1, 1, 0.5]},
			"faces": {
				"north": {"uv": [15.25, 1.25, 15.5, 1.375], "texture": "#0"},
				"east": {"uv": [1.5, 15.25, 1.75, 15.375], "texture": "#0"},
				"south": {"uv": [15.25, 1.5, 15.5, 1.625], "texture": "#0"},
				"west": {"uv": [1.75, 15.25, 2, 15.375], "texture": "#0"},
				"up": {"uv": [14.75, 7.25, 14.5, 7], "texture": "#0"},
				"down": {"uv": [14.75, 11.25, 14.5, 11.5], "texture": "#0"}
			}
		},
		{
			"from": [0, 2, 0.5],
			"to": [1, 2.2, 1.5],
			"rotation": {"angle": 0, "axis": "y", "origin": [-1, 3.2, 0.5]},
			"faces": {
				"north": {"uv": [15.25, 1.75, 15.5, 1.875], "texture": "#0"},
				"east": {"uv": [2, 15.25, 2.25, 15.375], "texture": "#0"},
				"south": {"uv": [15.25, 2, 15.5, 2.125], "texture": "#0"},
				"west": {"uv": [2.25, 15.25, 2.5, 15.375], "texture": "#0"},
				"up": {"uv": [14.75, 12.75, 14.5, 12.5], "texture": "#0"},
				"down": {"uv": [14.75, 13.25, 14.5, 13.5], "texture": "#0"}
			}
		},
		{
			"from": [15, 0, 0],
			"to": [16, 2, 2],
			"rotation": {"angle": 0, "axis": "y", "origin": [14, 0, 0]},
			"faces": {
				"north": {"uv": [14.25, 5, 14.5, 5.5], "texture": "#0"},
				"east": {"uv": [10, 13.25, 10.5, 13.75], "texture": "#0"},
				"south": {"uv": [14.25, 10, 14.5, 10.5], "texture": "#0"},
				"west": {"uv": [10.5, 13.25, 11, 13.75], "texture": "#0"},
				"up": {"uv": [14.5, 11, 14.25, 10.5], "texture": "#0"},
				"down": {"uv": [14.5, 14, 14.25, 14.5], "texture": "#0"}
			}
		},
		{
			"from": [15, 0.5, 2],
			"to": [16, 1.5, 2.2],
			"rotation": {"angle": 0, "axis": "y", "origin": [14, 0.5, 1]},
			"faces": {
				"north": {"uv": [14.75, 1.5, 15, 1.75], "texture": "#0"},
				"east": {"uv": [15.25, 2.25, 15.375, 2.5], "texture": "#0"},
				"south": {"uv": [14.75, 1.75, 15, 2], "texture": "#0"},
				"west": {"uv": [2.5, 15.25, 2.625, 15.5], "texture": "#0"},
				"up": {"uv": [15.5, 2.625, 15.25, 2.5], "texture": "#0"},
				"down": {"uv": [3, 15.25, 2.75, 15.375], "texture": "#0"}
			}
		},
		{
			"from": [15, 0.5, -0.2],
			"to": [16, 1.5, 0],
			"rotation": {"angle": 0, "axis": "y", "origin": [14, 0.5, -1.2]},
			"faces": {
				"north": {"uv": [14.75, 2, 15, 2.25], "texture": "#0"},
				"east": {"uv": [15.25, 2.75, 15.375, 3], "texture": "#0"},
				"south": {"uv": [14.75, 2.25, 15, 2.5], "texture": "#0"},
				"west": {"uv": [3, 15.25, 3.125, 15.5], "texture": "#0"},
				"up": {"uv": [15.5, 3.125, 15.25, 3], "texture": "#0"},
				"down": {"uv": [3.5, 15.25, 3.25, 15.375], "texture": "#0"}
			}
		},
		{
			"from": [15, -0.2, 0.5],
			"to": [16, 0, 1.5],
			"rotation": {"angle": 0, "axis": "y", "origin": [14, 1, 0.5]},
			"faces": {
				"north": {"uv": [15.25, 3.25, 15.5, 3.375], "texture": "#0"},
				"east": {"uv": [3.5, 15.25, 3.75, 15.375], "texture": "#0"},
				"south": {"uv": [15.25, 3.5, 15.5, 3.625], "texture": "#0"},
				"west": {"uv": [3.75, 15.25, 4, 15.375], "texture": "#0"},
				"up": {"uv": [15, 2.75, 14.75, 2.5], "texture": "#0"},
				"down": {"uv": [15, 2.75, 14.75, 3], "texture": "#0"}
			}
		},
		{
			"from": [15, 2, 0.5],
			"to": [16, 2.2, 1.5],
			"rotation": {"angle": 0, "axis": "y", "origin": [14, 3.2, 0.5]},
			"faces": {
				"north": {"uv": [15.25, 3.75, 15.5, 3.875], "texture": "#0"},
				"east": {"uv": [15.25, 4, 15.5, 4.125], "texture": "#0"},
				"south": {"uv": [15.25, 4.25, 15.5, 4.375], "texture": "#0"},
				"west": {"uv": [15.25, 5, 15.5, 5.125], "texture": "#0"},
				"up": {"uv": [15, 3.25, 14.75, 3], "texture": "#0"},
				"down": {"uv": [15, 3.25, 14.75, 3.5], "texture": "#0"}
			}
		},
		{
			"from": [0, 0, 19],
			"to": [1, 2, 21],
			"rotation": {"angle": 0, "axis": "y", "origin": [-1, 0, 19]},
			"faces": {
				"north": {"uv": [0, 14.5, 0.25, 15], "texture": "#0"},
				"east": {"uv": [13.25, 11.5, 13.75, 12], "texture": "#0"},
				"south": {"uv": [0.25, 14.5, 0.5, 15], "texture": "#0"},
				"west": {"uv": [13.25, 12, 13.75, 12.5], "texture": "#0"},
				"up": {"uv": [0.75, 15, 0.5, 14.5], "texture": "#0"},
				"down": {"uv": [1, 14.5, 0.75, 15], "texture": "#0"}
			}
		},
		{
			"from": [0, 0.5, 21],
			"to": [1, 1.5, 21.2],
			"rotation": {"angle": 0, "axis": "y", "origin": [-1, 0.5, 20]},
			"faces": {
				"north": {"uv": [14.75, 3.5, 15, 3.75], "texture": "#0"},
				"east": {"uv": [15.25, 5.25, 15.375, 5.5], "texture": "#0"},
				"south": {"uv": [14.75, 3.75, 15, 4], "texture": "#0"},
				"west": {"uv": [15.25, 5.5, 15.375, 5.75], "texture": "#0"},
				"up": {"uv": [15.5, 5.875, 15.25, 5.75], "texture": "#0"},
				"down": {"uv": [15.5, 6, 15.25, 6.125], "texture": "#0"}
			}
		},
		{
			"from": [0, 0.5, 18.8],
			"to": [1, 1.5, 19],
			"rotation": {"angle": 0, "axis": "y", "origin": [-1, 0.5, 17.8]},
			"faces": {
				"north": {"uv": [14.75, 4, 15, 4.25], "texture": "#0"},
				"east": {"uv": [6.25, 15.25, 6.375, 15.5], "texture": "#0"},
				"south": {"uv": [14.75, 4.25, 15, 4.5], "texture": "#0"},
				"west": {"uv": [15.25, 6.25, 15.375, 6.5], "texture": "#0"},
				"up": {"uv": [15.5, 6.625, 15.25, 6.5], "texture": "#0"},
				"down": {"uv": [15.5, 6.75, 15.25, 6.875], "texture": "#0"}
			}
		},
		{
			"from": [0, -0.2, 19.5],
			"to": [1, 0, 20.5],
			"rotation": {"angle": 0, "axis": "y", "origin": [-1, 1, 19.5]},
			"faces": {
				"north": {"uv": [15.25, 7, 15.5, 7.125], "texture": "#0"},
				"east": {"uv": [7.25, 15.25, 7.5, 15.375], "texture": "#0"},
				"south": {"uv": [15.25, 7.25, 15.5, 7.375], "texture": "#0"},
				"west": {"uv": [7.5, 15.25, 7.75, 15.375], "texture": "#0"},
				"up": {"uv": [15, 5.25, 14.75, 5], "texture": "#0"},
				"down": {"uv": [15, 5.25, 14.75, 5.5], "texture": "#0"}
			}
		},
		{
			"from": [0, 2, 19.5],
			"to": [1, 2.2, 20.5],
			"rotation": {"angle": 0, "axis": "y", "origin": [-1, 3.2, 19.5]},
			"faces": {
				"north": {"uv": [15.25, 7.5, 15.5, 7.625], "texture": "#0"},
				"east": {"uv": [7.75, 15.25, 8, 15.375], "texture": "#0"},
				"south": {"uv": [15.25, 7.75, 15.5, 7.875], "texture": "#0"},
				"west": {"uv": [8, 15.25, 8.25, 15.375], "texture": "#0"},
				"up": {"uv": [15, 6.25, 14.75, 6], "texture": "#0"},
				"down": {"uv": [15, 6.25, 14.75, 6.5], "texture": "#0"}
			}
		},
		{
			"from": [15, 0, 19],
			"to": [16, 2, 21],
			"rotation": {"angle": 0, "axis": "y", "origin": [14, 0, 19]},
			"faces": {
				"north": {"uv": [1, 14.5, 1.25, 15], "texture": "#0"},
				"east": {"uv": [13.25, 12.5, 13.75, 13], "texture": "#0"},
				"south": {"uv": [1.25, 14.5, 1.5, 15], "texture": "#0"},
				"west": {"uv": [13.25, 13, 13.75, 13.5], "texture": "#0"},
				"up": {"uv": [1.75, 15, 1.5, 14.5], "texture": "#0"},
				"down": {"uv": [2, 14.5, 1.75, 15], "texture": "#0"}
			}
		},
		{
			"from": [15, 0.5, 21],
			"to": [16, 1.5, 21.2],
			"rotation": {"angle": 0, "axis": "y", "origin": [14, 0.5, 20]},
			"faces": {
				"north": {"uv": [14.75, 6.5, 15, 6.75], "texture": "#0"},
				"east": {"uv": [15.25, 8, 15.375, 8.25], "texture": "#0"},
				"south": {"uv": [14.75, 6.75, 15, 7], "texture": "#0"},
				"west": {"uv": [8.25, 15.25, 8.375, 15.5], "texture": "#0"},
				"up": {"uv": [15.5, 8.375, 15.25, 8.25], "texture": "#0"},
				"down": {"uv": [8.75, 15.25, 8.5, 15.375], "texture": "#0"}
			}
		},
		{
			"from": [15, 0.5, 18.8],
			"to": [16, 1.5, 19],
			"rotation": {"angle": 0, "axis": "y", "origin": [14, 0.5, 17.8]},
			"faces": {
				"north": {"uv": [14.75, 7, 15, 7.25], "texture": "#0"},
				"east": {"uv": [15.25, 8.5, 15.375, 8.75], "texture": "#0"},
				"south": {"uv": [14.75, 7.5, 15, 7.75], "texture": "#0"},
				"west": {"uv": [8.75, 15.25, 8.875, 15.5], "texture": "#0"},
				"up": {"uv": [15.5, 8.875, 15.25, 8.75], "texture": "#0"},
				"down": {"uv": [9.25, 15.25, 9, 15.375], "texture": "#0"}
			}
		},
		{
			"from": [15, -0.2, 19.5],
			"to": [16, 0, 20.5],
			"rotation": {"angle": 0, "axis": "y", "origin": [14, 1, 19.5]},
			"faces": {
				"north": {"uv": [15.25, 9, 15.5, 9.125], "texture": "#0"},
				"east": {"uv": [9.25, 15.25, 9.5, 15.375], "texture": "#0"},
				"south": {"uv": [15.25, 9.25, 15.5, 9.375], "texture": "#0"},
				"west": {"uv": [9.5, 15.25, 9.75, 15.375], "texture": "#0"},
				"up": {"uv": [15, 8, 14.75, 7.75], "texture": "#0"},
				"down": {"uv": [15, 8, 14.75, 8.25], "texture": "#0"}
			}
		},
		{
			"from": [15, 2, 19.5],
			"to": [16, 2.2, 20.5],
			"rotation": {"angle": 0, "axis": "y", "origin": [14, 3.2, 19.5]},
			"faces": {
				"north": {"uv": [15.25, 9.5, 15.5, 9.625], "texture": "#0"},
				"east": {"uv": [9.75, 15.25, 10, 15.375], "texture": "#0"},
				"south": {"uv": [15.25, 9.75, 15.5, 9.875], "texture": "#0"},
				"west": {"uv": [15.25, 10, 15.5, 10.125], "texture": "#0"},
				"up": {"uv": [15, 8.5, 14.75, 8.25], "texture": "#0"},
				"down": {"uv": [15, 8.5, 14.75, 8.75], "texture": "#0"}
			}
		},
		{
			"from": [1, 7, -0.3],
			"to": [15, 7.5, 0.1],
			"rotation": {"angle": 0, "axis": "y", "origin": [0, 7, -0.7]},
			"faces": {
				"north": {"uv": [11, 6.5, 14.5, 6.625], "texture": "#0"},
				"east": {"uv": [15.25, 14.5, 15.375, 14.625], "texture": "#0"},
				"south": {"uv": [11, 11.25, 14.5, 11.375], "texture": "#0"},
				"west": {"uv": [14.75, 15.25, 14.875, 15.375], "texture": "#0"},
				"up": {"uv": [15, 0.125, 11.5, 0], "texture": "#0"},
				"down": {"uv": [15, 0.25, 11.5, 0.375], "texture": "#0"}
			}
		},
		{
			"from": [1, 7, 10.7],
			"to": [15, 7.5, 11.1],
			"rotation": {"angle": 0, "axis": "y", "origin": [0, 7, 10.3]},
			"faces": {
				"north": {"uv": [11.5, 0.5, 15, 0.625], "texture": "#0"},
				"east": {"uv": [15.25, 14.75, 15.375, 14.875], "texture": "#0"},
				"south": {"uv": [11.5, 0.75, 15, 0.875], "texture": "#0"},
				"west": {"uv": [15, 15.25, 15.125, 15.375], "texture": "#0"},
				"up": {"uv": [15, 1.125, 11.5, 1], "texture": "#0"},
				"down": {"uv": [15, 1.25, 11.5, 1.375], "texture": "#0"}
			}
		},
		{
			"from": [2.5, 3, 5],
			"to": [6.5, 5, 9],
			"rotation": {"angle": 0, "axis": "y", "origin": [2.5, 3, 5]},
			"faces": {
				"north": {"uv": [6.5, 5.75, 7.5, 6.25], "texture": "#0"},
				"east": {"uv": [7.5, 4.5, 8.5, 5], "texture": "#0"},
				"south": {"uv": [7.5, 5.75, 8.5, 6.25], "texture": "#0"},
				"west": {"uv": [8.5, 4.5, 9.5, 5], "texture": "#0"},
				"up": {"uv": [11, 6.75, 10, 5.75], "texture": "#0"},
				"down": {"uv": [11.25, 0, 10.25, 1], "texture": "#0"}
			}
		},
		{
			"from": [9.5, 3, 5],
			"to": [13.5, 5, 9],
			"rotation": {"angle": 0, "axis": "y", "origin": [9.5, 3, 5]},
			"faces": {
				"north": {"uv": [10.75, 5, 11.75, 5.5], "texture": "#0"},
				"east": {"uv": [10.75, 7.25, 11.75, 7.75], "texture": "#0"},
				"south": {"uv": [10.75, 7.75, 11.75, 8.25], "texture": "#0"},
				"west": {"uv": [10.75, 8.25, 11.75, 8.75], "texture": "#0"},
				"up": {"uv": [11.25, 2, 10.25, 1], "texture": "#0"},
				"down": {"uv": [11.25, 2, 10.25, 3], "texture": "#0"}
			}
		},
		{
			"from": [0.5, 2.6, 0.6],
			"to": [15.5, 3.6, 20.6],
			"rotation": {"angle": 0, "axis": "y", "origin": [13.5, 2.6, -0.4]},
			"faces": {
				"north": {"uv": [10, 6.75, 13.75, 7], "texture": "#0"},
				"east": {"uv": [7.5, 4, 12.5, 4.25], "texture": "#0"},
				"south": {"uv": [10, 7, 13.75, 7.25], "texture": "#0"},
				"west": {"uv": [7.5, 4.25, 12.5, 4.5], "texture": "#0"},
				"up": {"uv": [3.75, 5, 0, 0], "texture": "#0"},
				"down": {"uv": [7.5, 0, 3.75, 5], "texture": "#0"}
			}
		},
		{
			"from": [1.5, 2.6, -2.4],
			"to": [14.5, 3.6, 0.6],
			"rotation": {"angle": 0, "axis": "y", "origin": [13.5, 2.1, -5.4]},
			"faces": {
				"north": {"uv": [10.75, 4.5, 14, 4.75], "texture": "#0"},
				"east": {"uv": [8, 6.25, 8.75, 6.5], "texture": "#0"},
				"south": {"uv": [10.75, 4.75, 14, 5], "texture": "#0"},
				"west": {"uv": [13.75, 4.25, 14.5, 4.5], "texture": "#0"},
				"up": {"uv": [9.75, 5.75, 6.5, 5], "texture": "#0"},
				"down": {"uv": [8.75, 6.5, 5.5, 7.25], "texture": "#0"}
			}
		},
		{
			"from": [0.5, 2.9, 0],
			"to": [1.5, 3.6, 0.6],
			"rotation": {"angle": 0, "axis": "y", "origin": [0.5, 2.1, -5.4]},
			"faces": {
				"north": {"uv": [15.25, 10.25, 15.5, 10.375], "texture": "#0"},
				"east": {"uv": [15.25, 15, 15.375, 15.125], "texture": "#0"},
				"south": {"uv": [15.25, 10.5, 15.5, 10.625], "texture": "#0"},
				"west": {"uv": [15.25, 15.25, 15.375, 15.375], "texture": "#0"},
				"up": {"uv": [11, 15.375, 10.75, 15.25], "texture": "#0"},
				"down": {"uv": [15.5, 10.75, 15.25, 10.875], "texture": "#0"}
			}
		},
		{
			"from": [0.8, 2.9, -0.5],
			"to": [1.5, 3.6, 0],
			"rotation": {"angle": 0, "axis": "y", "origin": [0.8, 2.1, -6]},
			"faces": {
				"north": {"uv": [0, 15.5, 0.125, 15.625], "texture": "#0"},
				"east": {"uv": [15.5, 0, 15.625, 0.125], "texture": "#0"},
				"south": {"uv": [0.25, 15.5, 0.375, 15.625], "texture": "#0"},
				"west": {"uv": [15.5, 0.25, 15.625, 0.375], "texture": "#0"},
				"up": {"uv": [0.625, 15.625, 0.5, 15.5], "texture": "#0"},
				"down": {"uv": [15.625, 0.5, 15.5, 0.625], "texture": "#0"}
			}
		},
		{
			"from": [1.5, 3.6, -2.4],
			"to": [14.5, 8.9, -2],
			"rotation": {"angle": 0, "axis": "y", "origin": [13.5, 3.1, -6.4]},
			"faces": {
				"north": {"uv": [0, 5, 3.25, 6.375], "texture": "#0"},
				"east": {"uv": [7.25, 13.75, 7.375, 15.125], "texture": "#0"},
				"south": {"uv": [3.25, 5, 6.5, 6.375], "texture": "#0"},
				"west": {"uv": [10.75, 13.75, 10.875, 15.125], "texture": "#0"},
				"up": {"uv": [14.75, 1.625, 11.5, 1.5], "texture": "#0"},
				"down": {"uv": [14.75, 1.75, 11.5, 1.875], "texture": "#0"}
			}
		},
		{
			"from": [2.5, 3.6, 20.6],
			"to": [13.5, 8.9, 21],
			"rotation": {"angle": 0, "axis": "y", "origin": [13.5, 3.1, 16.6]},
			"faces": {
				"north": {"uv": [0, 6.5, 2.75, 7.875], "texture": "#0"},
				"east": {"uv": [4, 14, 4.125, 15.375], "texture": "#0"},
				"south": {"uv": [2.75, 6.5, 5.5, 7.875], "texture": "#0"},
				"west": {"uv": [11.75, 14, 11.875, 15.375], "texture": "#0"},
				"up": {"uv": [14.25, 3.125, 11.5, 3], "texture": "#0"},
				"down": {"uv": [14.25, 3.25, 11.5, 3.375], "texture": "#0"}
			}
		},
		{
			"from": [15.1, 3.6, 13.6],
			"to": [15.5, 8.9, 18.6],
			"rotation": {"angle": 0, "axis": "y", "origin": [19.5, 3.1, 18.6]},
			"faces": {
				"north": {"uv": [14, 14, 14.125, 15.375], "texture": "#0"},
				"east": {"uv": [8.5, 7.25, 9.75, 8.625], "texture": "#0"},
				"south": {"uv": [14.25, 2, 14.375, 3.375], "texture": "#0"},
				"west": {"uv": [8.75, 5.75, 10, 7.125], "texture": "#0"},
				"up": {"uv": [10.625, 15.5, 10.5, 14.25], "texture": "#0"},
				"down": {"uv": [11.125, 14.25, 11, 15.5], "texture": "#0"}
			}
		},
		{
			"from": [0.5, 3.6, 4.6],
			"to": [0.9, 7.9, 11.1],
			"rotation": {"angle": 0, "axis": "y", "origin": [4.9, 3.1, 9.6]},
			"faces": {
				"north": {"uv": [12, 14.25, 12.125, 15.375], "texture": "#0"},
				"east": {"uv": [3, 8, 4.625, 9.125], "texture": "#0"},
				"south": {"uv": [12.25, 14.25, 12.375, 15.375], "texture": "#0"},
				"west": {"uv": [8.5, 0, 10.125, 1.125], "texture": "#0"},
				"up": {"uv": [7.625, 15.125, 7.5, 13.5], "texture": "#0"},
				"down": {"uv": [6.625, 13.75, 6.5, 15.375], "texture": "#0"}
			}
		},
		{
			"from": [0.5, 3.6, 13.6],
			"to": [0.9, 8.9, 18.6],
			"rotation": {"angle": 0, "axis": "y", "origin": [4.9, 3.1, 18.6]},
			"faces": {
				"north": {"uv": [4.25, 14.25, 4.375, 15.625], "texture": "#0"},
				"east": {"uv": [8.5, 8.75, 9.75, 10.125], "texture": "#0"},
				"south": {"uv": [4.5, 14.25, 4.625, 15.625], "texture": "#0"},
				"west": {"uv": [3, 9.25, 4.25, 10.625], "texture": "#0"},
				"up": {"uv": [11.375, 15.5, 11.25, 14.25], "texture": "#0"},
				"down": {"uv": [11.625, 14.25, 11.5, 15.5], "texture": "#0"}
			}
		},
		{
			"from": [15.1, 3.6, 4.6],
			"to": [15.5, 7.9, 11.2],
			"rotation": {"angle": 0, "axis": "y", "origin": [19.5, 3.1, 9.6]},
			"faces": {
				"north": {"uv": [12.5, 14.25, 12.625, 15.375], "texture": "#0"},
				"east": {"uv": [8.5, 1.25, 10.125, 2.375], "texture": "#0"},
				"south": {"uv": [12.75, 14.25, 12.875, 15.375], "texture": "#0"},
				"west": {"uv": [8.5, 2.5, 10.125, 3.625], "texture": "#0"},
				"up": {"uv": [6.875, 15.375, 6.75, 13.75], "texture": "#0"},
				"down": {"uv": [7.125, 13.75, 7, 15.375], "texture": "#0"}
			}
		},
		{
			"from": [9.20711, 3.6, 20.30711],
			"to": [12.20711, 8.9, 20.70711],
			"rotation": {"angle": 45, "axis": "y", "origin": [11.5, 3.1, 15.6]},
			"faces": {
				"north": {"uv": [0, 10, 0.75, 11.375], "texture": "#0"},
				"east": {"uv": [4.75, 14.25, 4.875, 15.625], "texture": "#0"},
				"south": {"uv": [0.75, 10, 1.5, 11.375], "texture": "#0"},
				"west": {"uv": [5, 14.25, 5.125, 15.625], "texture": "#0"},
				"up": {"uv": [15, 7.375, 14.25, 7.25], "texture": "#0"},
				"down": {"uv": [15, 13.5, 14.25, 13.625], "texture": "#0"}
			}
		},
		{
			"from": [2.20711, 3.6, 21.89289],
			"to": [2.60711, 8.9, 24.89289],
			"rotation": {"angle": 45, "axis": "y", "origin": [-2.5, 3.1, 22.6]},
			"faces": {
				"north": {"uv": [5.25, 14.25, 5.375, 15.625], "texture": "#0"},
				"east": {"uv": [1.5, 10, 2.25, 11.375], "texture": "#0"},
				"south": {"uv": [5.5, 14.25, 5.625, 15.625], "texture": "#0"},
				"west": {"uv": [2.25, 10, 3, 11.375], "texture": "#0"},
				"up": {"uv": [2.125, 15.25, 2, 14.5], "texture": "#0"},
				"down": {"uv": [14.625, 2, 14.5, 2.75], "texture": "#0"}
			}
		},
		{
			"from": [14.6, 3.6, -4],
			"to": [15, 8.9, -2],
			"rotation": {"angle": 22.5, "axis": "y", "origin": [19, 3.1, -1]},
			"faces": {
				"north": {"uv": [5.75, 14.25, 5.875, 15.625], "texture": "#0"},
				"east": {"uv": [9.25, 10.25, 9.75, 11.625], "texture": "#0"},
				"south": {"uv": [6, 14.25, 6.125, 15.625], "texture": "#0"},
				"west": {"uv": [6.25, 10.5, 6.75, 11.875], "texture": "#0"},
				"up": {"uv": [14.875, 9.25, 14.75, 8.75], "texture": "#0"},
				"down": {"uv": [14.875, 9.25, 14.75, 9.75], "texture": "#0"}
			}
		},
		{
			"from": [15.6, 3.6, -2.2],
			"to": [15.8, 7.9, -0.2],
			"rotation": {"angle": 22.5, "axis": "y", "origin": [19.8, 3.1, 0.8]},
			"faces": {
				"north": {"uv": [13, 14.25, 13.125, 15.375], "texture": "#0"},
				"east": {"uv": [4.75, 8, 5.25, 9.125], "texture": "#0"},
				"south": {"uv": [13.25, 14.25, 13.375, 15.375], "texture": "#0"},
				"west": {"uv": [7.75, 10.5, 8.25, 11.625], "texture": "#0"},
				"up": {"uv": [14.875, 10.25, 14.75, 9.75], "texture": "#0"},
				"down": {"uv": [14.875, 10.25, 14.75, 10.75], "texture": "#0"}
			}
		},
		{
			"from": [0.4, 3.6, -0.9],
			"to": [0.8, 8.9, 1.1],
			"rotation": {"angle": -22.5, "axis": "y", "origin": [4.8, 3.1, 2.1]},
			"faces": {
				"north": {"uv": [10, 14.25, 10.125, 15.625], "texture": "#0"},
				"east": {"uv": [6.75, 10.5, 7.25, 11.875], "texture": "#0"},
				"south": {"uv": [10.25, 14.25, 10.375, 15.625], "texture": "#0"},
				"west": {"uv": [7.25, 10.5, 7.75, 11.875], "texture": "#0"},
				"up": {"uv": [14.875, 11.25, 14.75, 10.75], "texture": "#0"},
				"down": {"uv": [14.875, 12, 14.75, 12.5], "texture": "#0"}
			}
		},
		{
			"from": [-0.4, 3.6, 0.9],
			"to": [-0.2, 7.9, 2.7],
			"rotation": {"angle": -22.5, "axis": "y", "origin": [3.9, 3.1, 3.8]},
			"faces": {
				"north": {"uv": [13.5, 14.25, 13.625, 15.375], "texture": "#0"},
				"east": {"uv": [3, 10.75, 3.5, 11.875], "texture": "#0"},
				"south": {"uv": [13.75, 14.25, 13.875, 15.375], "texture": "#0"},
				"west": {"uv": [3.5, 10.75, 4, 11.875], "texture": "#0"},
				"up": {"uv": [14.875, 14.25, 14.75, 13.75], "texture": "#0"},
				"down": {"uv": [14.875, 14.25, 14.75, 14.75], "texture": "#0"}
			}
		},
		{
			"from": [14.5, 2.9, 0],
			"to": [15.5, 3.6, 0.6],
			"rotation": {"angle": 0, "axis": "y", "origin": [14.5, 2.1, -5.4]},
			"faces": {
				"north": {"uv": [15.25, 12, 15.5, 12.125], "texture": "#0"},
				"east": {"uv": [1.75, 15.5, 1.875, 15.625], "texture": "#0"},
				"south": {"uv": [15.25, 12.25, 15.5, 12.375], "texture": "#0"},
				"west": {"uv": [15.5, 1.75, 15.625, 1.875], "texture": "#0"},
				"up": {"uv": [15.5, 12.625, 15.25, 12.5], "texture": "#0"},
				"down": {"uv": [15.5, 12.75, 15.25, 12.875], "texture": "#0"}
			}
		},
		{
			"from": [14.5, 2.9, -0.5],
			"to": [15.2, 3.6, 0],
			"rotation": {"angle": 0, "axis": "y", "origin": [14.5, 2.1, -6]},
			"faces": {
				"north": {"uv": [2, 15.5, 2.125, 15.625], "texture": "#0"},
				"east": {"uv": [15.5, 2, 15.625, 2.125], "texture": "#0"},
				"south": {"uv": [2.25, 15.5, 2.375, 15.625], "texture": "#0"},
				"west": {"uv": [15.5, 2.25, 15.625, 2.375], "texture": "#0"},
				"up": {"uv": [2.625, 15.625, 2.5, 15.5], "texture": "#0"},
				"down": {"uv": [15.625, 2.5, 15.5, 2.625], "texture": "#0"}
			}
		},
		{
			"from": [2.5, 3, 14],
			"to": [6.5, 5, 18],
			"rotation": {"angle": 0, "axis": "y", "origin": [2.5, 3, 14]},
			"faces": {
				"north": {"uv": [10.75, 8.75, 11.75, 9.25], "texture": "#0"},
				"east": {"uv": [10.75, 9.25, 11.75, 9.75], "texture": "#0"},
				"south": {"uv": [10.75, 9.75, 11.75, 10.25], "texture": "#0"},
				"west": {"uv": [10.75, 10.25, 11.75, 10.75], "texture": "#0"},
				"up": {"uv": [11.25, 4, 10.25, 3], "texture": "#0"},
				"down": {"uv": [9.25, 10.25, 8.25, 11.25], "texture": "#0"}
			}
		},
		{
			"from": [9.5, 3, 14],
			"to": [13.5, 5, 18],
			"rotation": {"angle": 0, "axis": "y", "origin": [9.5, 3, 14]},
			"faces": {
				"north": {"uv": [10.75, 10.75, 11.75, 11.25], "texture": "#0"},
				"east": {"uv": [11, 5.5, 12, 6], "texture": "#0"},
				"south": {"uv": [11, 6, 12, 6.5], "texture": "#0"},
				"west": {"uv": [9.75, 11, 10.75, 11.5], "texture": "#0"},
				"up": {"uv": [5.25, 11.5, 4.25, 10.5], "texture": "#0"},
				"down": {"uv": [6.25, 10.5, 5.25, 11.5], "texture": "#0"}
			}
		},
		{
			"from": [6.5, 7.6, 8.8],
			"to": [7.5, 9.2, 9.9],
			"rotation": {"angle": 22.5, "axis": "x", "origin": [5.5, 7.6, 5.8]},
			"faces": {
				"north": {"uv": [2.25, 14.5, 2.5, 14.875], "texture": "#0"},
				"east": {"uv": [2.5, 14.5, 2.75, 14.875], "texture": "#0"},
				"south": {"uv": [2.75, 14.5, 3, 14.875], "texture": "#0"},
				"west": {"uv": [14.5, 2.75, 14.75, 3.125], "texture": "#0"},
				"up": {"uv": [15, 11.5, 14.75, 11.25], "texture": "#0"},
				"down": {"uv": [15, 12.5, 14.75, 12.75], "texture": "#0"}
			}
		},
		{
			"from": [2.5, 5, 4],
			"to": [6.5, 6, 9],
			"rotation": {"angle": 0, "axis": "y", "origin": [4.5, 5, 5]},
			"faces": {
				"north": {"uv": [13, 11, 14, 11.25], "texture": "#0"},
				"east": {"uv": [11.5, 3.5, 12.75, 3.75], "texture": "#0"},
				"south": {"uv": [13.25, 7.25, 14.25, 7.5], "texture": "#0"},
				"west": {"uv": [11.5, 3.75, 12.75, 4], "texture": "#0"},
				"up": {"uv": [5.25, 10.5, 4.25, 9.25], "texture": "#0"},
				"down": {"uv": [6.25, 9.25, 5.25, 10.5], "texture": "#0"}
			}
		},
		{
			"from": [1.5, 6, 8.6],
			"to": [7.5, 6.5, 9.6],
			"rotation": {"angle": 0, "axis": "y", "origin": [4.5, 6, 5.6]},
			"faces": {
				"north": {"uv": [13.75, 5.5, 15.25, 5.625], "texture": "#0"},
				"east": {"uv": [15.25, 13, 15.5, 13.125], "texture": "#0"},
				"south": {"uv": [13.75, 5.75, 15.25, 5.875], "texture": "#0"},
				"west": {"uv": [15.25, 13.25, 15.5, 13.375], "texture": "#0"},
				"up": {"uv": [8, 6.5, 6.5, 6.25], "texture": "#0"},
				"down": {"uv": [10, 3.75, 8.5, 4], "texture": "#0"}
			}
		},
		{
			"from": [2.5, 6, 9.2],
			"to": [6.5, 13.5, 10.2],
			"rotation": {"angle": 0, "axis": "y", "origin": [4.5, 6, 6.2]},
			"faces": {
				"north": {"uv": [5.5, 7.25, 6.5, 9.125], "texture": "#0"},
				"east": {"uv": [4, 10.75, 4.25, 12.625], "texture": "#0"},
				"south": {"uv": [6.5, 7.25, 7.5, 9.125], "texture": "#0"},
				"west": {"uv": [11.25, 0, 11.5, 1.875], "texture": "#0"},
				"up": {"uv": [14.25, 10.25, 13.25, 10], "texture": "#0"},
				"down": {"uv": [7.5, 13.5, 6.5, 13.75], "texture": "#0"}
			}
		},
		{
			"from": [3, 13.5, 9.2],
			"to": [6, 14.3, 10.2],
			"rotation": {"angle": 0, "axis": "y", "origin": [4.6, 7.5, 6.2]},
			"faces": {
				"north": {"uv": [13.75, 6, 14.5, 6.25], "texture": "#0"},
				"east": {"uv": [14.75, 13.25, 15, 13.5], "texture": "#0"},
				"south": {"uv": [13.75, 6.25, 14.5, 6.5], "texture": "#0"},
				"west": {"uv": [14.75, 14.75, 15, 15], "texture": "#0"},
				"up": {"uv": [14.5, 7, 13.75, 6.75], "texture": "#0"},
				"down": {"uv": [14.5, 7, 13.75, 7.25], "texture": "#0"}
			}
		},
		{
			"from": [6.5, 6, 9.2],
			"to": [7.5, 11.5, 10.2],
			"rotation": {"angle": 0, "axis": "y", "origin": [5.5, 6, 6.2]},
			"faces": {
				"north": {"uv": [4.25, 11.5, 4.5, 12.875], "texture": "#0"},
				"east": {"uv": [4.5, 11.5, 4.75, 12.875], "texture": "#0"},
				"south": {"uv": [4.75, 11.5, 5, 12.875], "texture": "#0"},
				"west": {"uv": [5, 11.5, 5.25, 12.875], "texture": "#0"},
				"up": {"uv": [0.25, 15.25, 0, 15], "texture": "#0"},
				"down": {"uv": [15.25, 0, 15, 0.25], "texture": "#0"}
			}
		},
		{
			"from": [1.5, 6, 9.2],
			"to": [2.5, 11.5, 10.2],
			"rotation": {"angle": 0, "axis": "y", "origin": [0.5, 6, 6.2]},
			"faces": {
				"north": {"uv": [5.25, 11.5, 5.5, 12.875], "texture": "#0"},
				"east": {"uv": [5.5, 11.5, 5.75, 12.875], "texture": "#0"},
				"south": {"uv": [5.75, 11.5, 6, 12.875], "texture": "#0"},
				"west": {"uv": [6, 11.5, 6.25, 12.875], "texture": "#0"},
				"up": {"uv": [0.5, 15.25, 0.25, 15], "texture": "#0"},
				"down": {"uv": [15.25, 0.25, 15, 0.5], "texture": "#0"}
			}
		},
		{
			"from": [1.5, 7.6, 7.8],
			"to": [2.5, 11.9, 8.9],
			"rotation": {"angle": 22.5, "axis": "x", "origin": [0.5, 7.6, 4.8]},
			"faces": {
				"north": {"uv": [13, 11.75, 13.25, 12.875], "texture": "#0"},
				"east": {"uv": [12, 13, 12.25, 14.125], "texture": "#0"},
				"south": {"uv": [12.25, 13, 12.5, 14.125], "texture": "#0"},
				"west": {"uv": [12.5, 13, 12.75, 14.125], "texture": "#0"},
				"up": {"uv": [0.75, 15.25, 0.5, 15], "texture": "#0"},
				"down": {"uv": [15.25, 0.5, 15, 0.75], "texture": "#0"}
			}
		},
		{
			"from": [1.5, 7.6, 8.8],
			"to": [2.5, 9.2, 9.9],
			"rotation": {"angle": 22.5, "axis": "x", "origin": [0.5, 7.6, 5.8]},
			"faces": {
				"north": {"uv": [3, 14.5, 3.25, 14.875], "texture": "#0"},
				"east": {"uv": [3.25, 14.5, 3.5, 14.875], "texture": "#0"},
				"south": {"uv": [3.5, 14.5, 3.75, 14.875], "texture": "#0"},
				"west": {"uv": [3.75, 14.5, 4, 14.875], "texture": "#0"},
				"up": {"uv": [1, 15.25, 0.75, 15], "texture": "#0"},
				"down": {"uv": [15.25, 0.75, 15, 1], "texture": "#0"}
			}
		},
		{
			"from": [6.5, 7.6, 7.8],
			"to": [7.5, 11.9, 8.9],
			"rotation": {"angle": 22.5, "axis": "x", "origin": [5.5, 7.6, 4.8]},
			"faces": {
				"north": {"uv": [12.75, 13, 13, 14.125], "texture": "#0"},
				"east": {"uv": [13, 13, 13.25, 14.125], "texture": "#0"},
				"south": {"uv": [0, 13.25, 0.25, 14.375], "texture": "#0"},
				"west": {"uv": [0.25, 13.25, 0.5, 14.375], "texture": "#0"},
				"up": {"uv": [1.25, 15.25, 1, 15], "texture": "#0"},
				"down": {"uv": [15.25, 1, 15, 1.25], "texture": "#0"}
			}
		},
		{
			"from": [6.5, 5.4, 4],
			"to": [7.5, 6.4, 9],
			"rotation": {"angle": 0, "axis": "y", "origin": [5.5, 5.4, 5]},
			"faces": {
				"north": {"uv": [1.25, 15, 1.5, 15.25], "texture": "#0"},
				"east": {"uv": [11.75, 5, 13, 5.25], "texture": "#0"},
				"south": {"uv": [15, 1.25, 15.25, 1.5], "texture": "#0"},
				"west": {"uv": [11.75, 5.25, 13, 5.5], "texture": "#0"},
				"up": {"uv": [5.5, 9.25, 5.25, 8], "texture": "#0"},
				"down": {"uv": [9.75, 11.75, 9.5, 13], "texture": "#0"}
			}
		},
		{
			"from": [6, 5.2, 4],
			"to": [7, 6.2, 9],
			"rotation": {"angle": 0, "axis": "y", "origin": [5, 5.2, 5]},
			"faces": {
				"north": {"uv": [1.5, 15, 1.75, 15.25], "texture": "#0"},
				"east": {"uv": [11.75, 10.25, 13, 10.5], "texture": "#0"},
				"south": {"uv": [15, 1.5, 15.25, 1.75], "texture": "#0"},
				"west": {"uv": [11.75, 10.5, 13, 10.75], "texture": "#0"},
				"up": {"uv": [12, 12.75, 11.75, 11.5], "texture": "#0"},
				"down": {"uv": [3.25, 12, 3, 13.25], "texture": "#0"}
			}
		},
		{
			"from": [2, 5.2, 4],
			"to": [3, 6.2, 9],
			"rotation": {"angle": 0, "axis": "y", "origin": [1, 5.2, 5]},
			"faces": {
				"north": {"uv": [1.75, 15, 2, 15.25], "texture": "#0"},
				"east": {"uv": [11.75, 10.75, 13, 11], "texture": "#0"},
				"south": {"uv": [15, 1.75, 15.25, 2], "texture": "#0"},
				"west": {"uv": [11.75, 11, 13, 11.25], "texture": "#0"},
				"up": {"uv": [3.5, 13.25, 3.25, 12], "texture": "#0"},
				"down": {"uv": [3.75, 12, 3.5, 13.25], "texture": "#0"}
			}
		},
		{
			"from": [1.5, 5.5, 4],
			"to": [2.5, 6.5, 9],
			"rotation": {"angle": 0, "axis": "y", "origin": [0.5, 5.5, 5]},
			"faces": {
				"north": {"uv": [15, 2, 15.25, 2.25], "texture": "#0"},
				"east": {"uv": [12, 5.5, 13.25, 5.75], "texture": "#0"},
				"south": {"uv": [2.25, 15, 2.5, 15.25], "texture": "#0"},
				"west": {"uv": [12, 5.75, 13.25, 6], "texture": "#0"},
				"up": {"uv": [4, 13.25, 3.75, 12], "texture": "#0"},
				"down": {"uv": [6.5, 12, 6.25, 13.25], "texture": "#0"}
			}
		},
		{
			"from": [13.5, 7.6, 8.8],
			"to": [14.5, 9.2, 9.9],
			"rotation": {"angle": 22.5, "axis": "x", "origin": [12.5, 7.6, 5.8]},
			"faces": {
				"north": {"uv": [14.5, 5, 14.75, 5.375], "texture": "#0"},
				"east": {"uv": [14.5, 6, 14.75, 6.375], "texture": "#0"},
				"south": {"uv": [6.25, 14.5, 6.5, 14.875], "texture": "#0"},
				"west": {"uv": [14.5, 6.5, 14.75, 6.875], "texture": "#0"},
				"up": {"uv": [15.25, 2.5, 15, 2.25], "texture": "#0"},
				"down": {"uv": [2.75, 15, 2.5, 15.25], "texture": "#0"}
			}
		},
		{
			"from": [9.5, 5, 4],
			"to": [13.5, 6, 9],
			"rotation": {"angle": 0, "axis": "y", "origin": [11.5, 5, 5]},
			"faces": {
				"north": {"uv": [13.5, 7.5, 14.5, 7.75], "texture": "#0"},
				"east": {"uv": [12, 6, 13.25, 6.25], "texture": "#0"},
				"south": {"uv": [13.5, 7.75, 14.5, 8], "texture": "#0"},
				"west": {"uv": [12, 6.25, 13.25, 6.5], "texture": "#0"},
				"up": {"uv": [7.25, 10.5, 6.25, 9.25], "texture": "#0"},
				"down": {"uv": [8.25, 9.25, 7.25, 10.5], "texture": "#0"}
			}
		},
		{
			"from": [8.5, 6, 8.6],
			"to": [14.5, 6.5, 9.6],
			"rotation": {"angle": 0, "axis": "y", "origin": [11.5, 6, 5.6]},
			"faces": {
				"north": {"uv": [13.75, 11.5, 15.25, 11.625], "texture": "#0"},
				"east": {"uv": [15.25, 13.5, 15.5, 13.625], "texture": "#0"},
				"south": {"uv": [13.75, 11.75, 15.25, 11.875], "texture": "#0"},
				"west": {"uv": [15.25, 13.75, 15.5, 13.875], "texture": "#0"},
				"up": {"uv": [1.5, 11.75, 0, 11.5], "texture": "#0"},
				"down": {"uv": [3, 11.5, 1.5, 11.75], "texture": "#0"}
			}
		},
		{
			"from": [9.5, 6, 9.2],
			"to": [13.5, 13.5, 10.2],
			"rotation": {"angle": 0, "axis": "y", "origin": [11.5, 6, 6.2]},
			"faces": {
				"north": {"uv": [7.5, 0, 8.5, 1.875], "texture": "#0"},
				"east": {"uv": [11.25, 2, 11.5, 3.875], "texture": "#0"},
				"south": {"uv": [7.5, 2, 8.5, 3.875], "texture": "#0"},
				"west": {"uv": [8.25, 11.25, 8.5, 13.125], "texture": "#0"},
				"up": {"uv": [14.5, 8.25, 13.5, 8], "texture": "#0"},
				"down": {"uv": [14.5, 8.25, 13.5, 8.5], "texture": "#0"}
			}
		},
		{
			"from": [10, 13.5, 9.2],
			"to": [13, 14.3, 10.2],
			"rotation": {"angle": 0, "axis": "y", "origin": [11.6, 7.5, 6.2]},
			"faces": {
				"north": {"uv": [10, 13.75, 10.75, 14], "texture": "#0"},
				"east": {"uv": [15, 2.5, 15.25, 2.75], "texture": "#0"},
				"south": {"uv": [13.75, 12, 14.5, 12.25], "texture": "#0"},
				"west": {"uv": [2.75, 15, 3, 15.25], "texture": "#0"},
				"up": {"uv": [14.5, 12.5, 13.75, 12.25], "texture": "#0"},
				"down": {"uv": [14.5, 12.5, 13.75, 12.75], "texture": "#0"}
			}
		},
		{
			"from": [13.5, 6, 9.2],
			"to": [14.5, 11.5, 10.2],
			"rotation": {"angle": 0, "axis": "y", "origin": [12.5, 6, 6.2]},
			"faces": {
				"north": {"uv": [9.75, 11.5, 10, 12.875], "texture": "#0"},
				"east": {"uv": [10, 11.5, 10.25, 12.875], "texture": "#0"},
				"south": {"uv": [10.25, 11.5, 10.5, 12.875], "texture": "#0"},
				"west": {"uv": [10.5, 11.5, 10.75, 12.875], "texture": "#0"},
				"up": {"uv": [15.25, 3, 15, 2.75], "texture": "#0"},
				"down": {"uv": [3.25, 15, 3, 15.25], "texture": "#0"}
			}
		},
		{
			"from": [8.5, 6, 9.2],
			"to": [9.5, 11.5, 10.2],
			"rotation": {"angle": 0, "axis": "y", "origin": [7.5, 6, 6.2]},
			"faces": {
				"north": {"uv": [11, 11.5, 11.25, 12.875], "texture": "#0"},
				"east": {"uv": [11.25, 11.5, 11.5, 12.875], "texture": "#0"},
				"south": {"uv": [11.5, 11.5, 11.75, 12.875], "texture": "#0"},
				"west": {"uv": [0, 11.75, 0.25, 13.125], "texture": "#0"},
				"up": {"uv": [15.25, 3.25, 15, 3], "texture": "#0"},
				"down": {"uv": [3.5, 15, 3.25, 15.25], "texture": "#0"}
			}
		},
		{
			"from": [8.5, 7.6, 7.8],
			"to": [9.5, 11.9, 8.9],
			"rotation": {"angle": 22.5, "axis": "x", "origin": [7.5, 7.6, 4.8]},
			"faces": {
				"north": {"uv": [0.5, 13.25, 0.75, 14.375], "texture": "#0"},
				"east": {"uv": [0.75, 13.25, 1, 14.375], "texture": "#0"},
				"south": {"uv": [1, 13.25, 1.25, 14.375], "texture": "#0"},
				"west": {"uv": [1.25, 13.25, 1.5, 14.375], "texture": "#0"},
				"up": {"uv": [15.25, 3.5, 15, 3.25], "texture": "#0"},
				"down": {"uv": [3.75, 15, 3.5, 15.25], "texture": "#0"}
			}
		},
		{
			"from": [8.5, 7.6, 8.8],
			"to": [9.5, 9.2, 9.9],
			"rotation": {"angle": 22.5, "axis": "x", "origin": [7.5, 7.6, 5.8]},
			"faces": {
				"north": {"uv": [14.5, 7.5, 14.75, 7.875], "texture": "#0"},
				"east": {"uv": [7.75, 14.5, 8, 14.875], "texture": "#0"},
				"south": {"uv": [8, 14.5, 8.25, 14.875], "texture": "#0"},
				"west": {"uv": [14.5, 8, 14.75, 8.375], "texture": "#0"},
				"up": {"uv": [15.25, 3.75, 15, 3.5], "texture": "#0"},
				"down": {"uv": [4, 15, 3.75, 15.25], "texture": "#0"}
			}
		},
		{
			"from": [13.5, 7.6, 7.8],
			"to": [14.5, 11.9, 8.9],
			"rotation": {"angle": 22.5, "axis": "x", "origin": [12.5, 7.6, 4.8]},
			"faces": {
				"north": {"uv": [1.5, 13.25, 1.75, 14.375], "texture": "#0"},
				"east": {"uv": [1.75, 13.25, 2, 14.375], "texture": "#0"},
				"south": {"uv": [2, 13.25, 2.25, 14.375], "texture": "#0"},
				"west": {"uv": [2.25, 13.25, 2.5, 14.375], "texture": "#0"},
				"up": {"uv": [15.25, 4, 15, 3.75], "texture": "#0"},
				"down": {"uv": [15.25, 4, 15, 4.25], "texture": "#0"}
			}
		},
		{
			"from": [13.5, 5.4, 4],
			"to": [14.5, 6.4, 9],
			"rotation": {"angle": 0, "axis": "y", "origin": [12.5, 5.4, 5]},
			"faces": {
				"north": {"uv": [15, 4.25, 15.25, 4.5], "texture": "#0"},
				"east": {"uv": [6.5, 12, 7.75, 12.25], "texture": "#0"},
				"south": {"uv": [15, 5, 15.25, 5.25], "texture": "#0"},
				"west": {"uv": [12, 7.25, 13.25, 7.5], "texture": "#0"},
				"up": {"uv": [12.25, 8.75, 12, 7.5], "texture": "#0"},
				"down": {"uv": [12.25, 8.75, 12, 10], "texture": "#0"}
			}
		},
		{
			"from": [13, 5.2, 4],
			"to": [14, 6.2, 9],
			"rotation": {"angle": 0, "axis": "y", "origin": [12, 5.2, 5]},
			"faces": {
				"north": {"uv": [15, 5.25, 15.25, 5.5], "texture": "#0"},
				"east": {"uv": [12, 10, 13.25, 10.25], "texture": "#0"},
				"south": {"uv": [15, 6, 15.25, 6.25], "texture": "#0"},
				"west": {"uv": [12, 11.5, 13.25, 11.75], "texture": "#0"},
				"up": {"uv": [12.25, 13, 12, 11.75], "texture": "#0"},
				"down": {"uv": [6.75, 12.25, 6.5, 13.5], "texture": "#0"}
			}
		},
		{
			"from": [9, 5.2, 4],
			"to": [10, 6.2, 9],
			"rotation": {"angle": 0, "axis": "y", "origin": [8, 5.2, 5]},
			"faces": {
				"north": {"uv": [6.25, 15, 6.5, 15.25], "texture": "#0"},
				"east": {"uv": [12.25, 7.5, 13.5, 7.75], "texture": "#0"},
				"south": {"uv": [15, 6.25, 15.25, 6.5], "texture": "#0"},
				"west": {"uv": [12.25, 7.75, 13.5, 8], "texture": "#0"},
				"up": {"uv": [7, 13.5, 6.75, 12.25], "texture": "#0"},
				"down": {"uv": [7.25, 12.25, 7, 13.5], "texture": "#0"}
			}
		},
		{
			"from": [8.5, 5.5, 4],
			"to": [9.5, 6.5, 9],
			"rotation": {"angle": 0, "axis": "y", "origin": [7.5, 5.5, 5]},
			"faces": {
				"north": {"uv": [15, 6.5, 15.25, 6.75], "texture": "#0"},
				"east": {"uv": [12.25, 8, 13.5, 8.25], "texture": "#0"},
				"south": {"uv": [15, 6.75, 15.25, 7], "texture": "#0"},
				"west": {"uv": [12.25, 8.25, 13.5, 8.5], "texture": "#0"},
				"up": {"uv": [7.5, 13.5, 7.25, 12.25], "texture": "#0"},
				"down": {"uv": [7.75, 12.25, 7.5, 13.5], "texture": "#0"}
			}
		},
		{
			"from": [6.5, 7.6, 18.3],
			"to": [7.5, 9.2, 19.4],
			"rotation": {"angle": 22.5, "axis": "x", "origin": [5.5, 7.6, 15.3]},
			"faces": {
				"north": {"uv": [8.25, 14.5, 8.5, 14.875], "texture": "#0"},
				"east": {"uv": [8.5, 14.5, 8.75, 14.875], "texture": "#0"},
				"south": {"uv": [14.5, 8.5, 14.75, 8.875], "texture": "#0"},
				"west": {"uv": [8.75, 14.5, 9, 14.875], "texture": "#0"},
				"up": {"uv": [15.25, 7.25, 15, 7], "texture": "#0"},
				"down": {"uv": [15.25, 7.25, 15, 7.5], "texture": "#0"}
			}
		},
		{
			"from": [2.5, 5, 13.5],
			"to": [6.5, 6, 18.5],
			"rotation": {"angle": 0, "axis": "y", "origin": [4.5, 5, 14.5]},
			"faces": {
				"north": {"uv": [13.5, 8.5, 14.5, 8.75], "texture": "#0"},
				"east": {"uv": [12.25, 8.5, 13.5, 8.75], "texture": "#0"},
				"south": {"uv": [13.5, 8.75, 14.5, 9], "texture": "#0"},
				"west": {"uv": [12.25, 8.75, 13.5, 9], "texture": "#0"},
				"up": {"uv": [10.75, 5.75, 9.75, 4.5], "texture": "#0"},
				"down": {"uv": [10.75, 7.25, 9.75, 8.5], "texture": "#0"}
			}
		},
		{
			"from": [1.5, 6, 18.1],
			"to": [7.5, 6.5, 19.1],
			"rotation": {"angle": 0, "axis": "y", "origin": [4.5, 6, 15.1]},
			"faces": {
				"north": {"uv": [13.75, 12.75, 15.25, 12.875], "texture": "#0"},
				"east": {"uv": [15.25, 14, 15.5, 14.125], "texture": "#0"},
				"south": {"uv": [13.75, 13, 15.25, 13.125], "texture": "#0"},
				"west": {"uv": [14.25, 15.25, 14.5, 15.375], "texture": "#0"},
				"up": {"uv": [13, 2.25, 11.5, 2], "texture": "#0"},
				"down": {"uv": [13, 2.25, 11.5, 2.5], "texture": "#0"}
			}
		},
		{
			"from": [2.5, 6, 18.7],
			"to": [6.5, 13.5, 19.7],
			"rotation": {"angle": 0, "axis": "y", "origin": [4.5, 6, 15.7]},
			"faces": {
				"north": {"uv": [7.5, 7.25, 8.5, 9.125], "texture": "#0"},
				"east": {"uv": [8.5, 11.25, 8.75, 13.125], "texture": "#0"},
				"south": {"uv": [0, 8, 1, 9.875], "texture": "#0"},
				"west": {"uv": [8.75, 11.25, 9, 13.125], "texture": "#0"},
				"up": {"uv": [14.5, 9.25, 13.5, 9], "texture": "#0"},
				"down": {"uv": [14.5, 9.25, 13.5, 9.5], "texture": "#0"}
			}
		},
		{
			"from": [3, 13.5, 18.7],
			"to": [6, 14.3, 19.7],
			"rotation": {"angle": 0, "axis": "y", "origin": [4.6, 7.5, 15.7]},
			"faces": {
				"north": {"uv": [13.25, 13.75, 14, 14], "texture": "#0"},
				"east": {"uv": [15, 7.5, 15.25, 7.75], "texture": "#0"},
				"south": {"uv": [13.75, 13.25, 14.5, 13.5], "texture": "#0"},
				"west": {"uv": [7.75, 15, 8, 15.25], "texture": "#0"},
				"up": {"uv": [14.75, 3.75, 14, 3.5], "texture": "#0"},
				"down": {"uv": [14.75, 3.75, 14, 4], "texture": "#0"}
			}
		},
		{
			"from": [6.5, 6, 18.7],
			"to": [7.5, 11.5, 19.7],
			"rotation": {"angle": 0, "axis": "y", "origin": [5.5, 6, 15.7]},
			"faces": {
				"north": {"uv": [0.25, 11.75, 0.5, 13.125], "texture": "#0"},
				"east": {"uv": [0.5, 11.75, 0.75, 13.125], "texture": "#0"},
				"south": {"uv": [0.75, 11.75, 1, 13.125], "texture": "#0"},
				"west": {"uv": [1, 11.75, 1.25, 13.125], "texture": "#0"},
				"up": {"uv": [15.25, 8, 15, 7.75], "texture": "#0"},
				"down": {"uv": [8.25, 15, 8, 15.25], "texture": "#0"}
			}
		},
		{
			"from": [1.5, 6, 18.7],
			"to": [2.5, 11.5, 19.7],
			"rotation": {"angle": 0, "axis": "y", "origin": [0.5, 6, 15.7]},
			"faces": {
				"north": {"uv": [1.25, 11.75, 1.5, 13.125], "texture": "#0"},
				"east": {"uv": [1.5, 11.75, 1.75, 13.125], "texture": "#0"},
				"south": {"uv": [1.75, 11.75, 2, 13.125], "texture": "#0"},
				"west": {"uv": [2, 11.75, 2.25, 13.125], "texture": "#0"},
				"up": {"uv": [15.25, 8.25, 15, 8], "texture": "#0"},
				"down": {"uv": [8.5, 15, 8.25, 15.25], "texture": "#0"}
			}
		},
		{
			"from": [1.5, 7.6, 17.3],
			"to": [2.5, 11.9, 18.4],
			"rotation": {"angle": 22.5, "axis": "x", "origin": [0.5, 7.6, 14.3]},
			"faces": {
				"north": {"uv": [2.5, 13.25, 2.75, 14.375], "texture": "#0"},
				"east": {"uv": [2.75, 13.25, 3, 14.375], "texture": "#0"},
				"south": {"uv": [3, 13.25, 3.25, 14.375], "texture": "#0"},
				"west": {"uv": [3.25, 13.25, 3.5, 14.375], "texture": "#0"},
				"up": {"uv": [15.25, 8.5, 15, 8.25], "texture": "#0"},
				"down": {"uv": [8.75, 15, 8.5, 15.25], "texture": "#0"}
			}
		},
		{
			"from": [1.5, 7.6, 18.3],
			"to": [2.5, 9.2, 19.4],
			"rotation": {"angle": 22.5, "axis": "x", "origin": [0.5, 7.6, 15.3]},
			"faces": {
				"north": {"uv": [9, 14.5, 9.25, 14.875], "texture": "#0"},
				"east": {"uv": [14.5, 9, 14.75, 9.375], "texture": "#0"},
				"south": {"uv": [9.25, 14.5, 9.5, 14.875], "texture": "#0"},
				"west": {"uv": [9.5, 14.5, 9.75, 14.875], "texture": "#0"},
				"up": {"uv": [15.25, 8.75, 15, 8.5], "texture": "#0"},
				"down": {"uv": [9, 15, 8.75, 15.25], "texture": "#0"}
			}
		},
		{
			"from": [6.5, 7.6, 17.3],
			"to": [7.5, 11.9, 18.4],
			"rotation": {"angle": 22.5, "axis": "x", "origin": [5.5, 7.6, 14.3]},
			"faces": {
				"north": {"uv": [3.5, 13.25, 3.75, 14.375], "texture": "#0"},
				"east": {"uv": [3.75, 13.25, 4, 14.375], "texture": "#0"},
				"south": {"uv": [6.25, 13.25, 6.5, 14.375], "texture": "#0"},
				"west": {"uv": [7.75, 13.25, 8, 14.375], "texture": "#0"},
				"up": {"uv": [15.25, 9, 15, 8.75], "texture": "#0"},
				"down": {"uv": [9.25, 15, 9, 15.25], "texture": "#0"}
			}
		},
		{
			"from": [6.5, 5.4, 13.5],
			"to": [7.5, 6.4, 18.5],
			"rotation": {"angle": 0, "axis": "y", "origin": [5.5, 5.4, 14.5]},
			"faces": {
				"north": {"uv": [15, 9, 15.25, 9.25], "texture": "#0"},
				"east": {"uv": [12.25, 9, 13.5, 9.25], "texture": "#0"},
				"south": {"uv": [9.25, 15, 9.5, 15.25], "texture": "#0"},
				"west": {"uv": [12.25, 9.25, 13.5, 9.5], "texture": "#0"},
				"up": {"uv": [12.5, 13, 12.25, 11.75], "texture": "#0"},
				"down": {"uv": [12.75, 11.75, 12.5, 13], "texture": "#0"}
			}
		},
		{
			"from": [6, 5.2, 13.5],
			"to": [7, 6.2, 18.5],
			"rotation": {"angle": 0, "axis": "y", "origin": [5, 5.2, 14.5]},
			"faces": {
				"north": {"uv": [15, 9.25, 15.25, 9.5], "texture": "#0"},
				"east": {"uv": [12.25, 9.5, 13.5, 9.75], "texture": "#0"},
				"south": {"uv": [9.5, 15, 9.75, 15.25], "texture": "#0"},
				"west": {"uv": [12.25, 9.75, 13.5, 10], "texture": "#0"},
				"up": {"uv": [4.25, 14, 4, 12.75], "texture": "#0"},
				"down": {"uv": [12, 12.75, 11.75, 14], "texture": "#0"}
			}
		},
		{
			"from": [2, 5.2, 13.5],
			"to": [3, 6.2, 18.5],
			"rotation": {"angle": 0, "axis": "y", "origin": [1, 5.2, 14.5]},
			"faces": {
				"north": {"uv": [15, 9.5, 15.25, 9.75], "texture": "#0"},
				"east": {"uv": [12.5, 4, 13.75, 4.25], "texture": "#0"},
				"south": {"uv": [9.75, 15, 10, 15.25], "texture": "#0"},
				"west": {"uv": [12.5, 4.25, 13.75, 4.5], "texture": "#0"},
				"up": {"uv": [13, 13, 12.75, 11.75], "texture": "#0"},
				"down": {"uv": [4.5, 13, 4.25, 14.25], "texture": "#0"}
			}
		},
		{
			"from": [1.5, 5.5, 13.5],
			"to": [2.5, 6.5, 18.5],
			"rotation": {"angle": 0, "axis": "y", "origin": [0.5, 5.5, 14.5]},
			"faces": {
				"north": {"uv": [15, 9.75, 15.25, 10], "texture": "#0"},
				"east": {"uv": [12.75, 3.5, 14, 3.75], "texture": "#0"},
				"south": {"uv": [15, 10, 15.25, 10.25], "texture": "#0"},
				"west": {"uv": [12.75, 3.75, 14, 4], "texture": "#0"},
				"up": {"uv": [4.75, 14.25, 4.5, 13], "texture": "#0"},
				"down": {"uv": [5, 13, 4.75, 14.25], "texture": "#0"}
			}
		},
		{
			"from": [13.5, 7.6, 18.3],
			"to": [14.5, 9.2, 19.4],
			"rotation": {"angle": 22.5, "axis": "x", "origin": [12.5, 7.6, 15.3]},
			"faces": {
				"north": {"uv": [14.5, 9.5, 14.75, 9.875], "texture": "#0"},
				"east": {"uv": [9.75, 14.5, 10, 14.875], "texture": "#0"},
				"south": {"uv": [14.5, 10, 14.75, 10.375], "texture": "#0"},
				"west": {"uv": [14.5, 10.5, 14.75, 10.875], "texture": "#0"},
				"up": {"uv": [15.25, 10.5, 15, 10.25], "texture": "#0"},
				"down": {"uv": [15.25, 10.5, 15, 10.75], "texture": "#0"}
			}
		},
		{
			"from": [9.5, 5, 13.5],
			"to": [13.5, 6, 18.5],
			"rotation": {"angle": 0, "axis": "y", "origin": [11.5, 5, 14.5]},
			"faces": {
				"north": {"uv": [13.5, 9.5, 14.5, 9.75], "texture": "#0"},
				"east": {"uv": [13, 2, 14.25, 2.25], "texture": "#0"},
				"south": {"uv": [13.5, 9.75, 14.5, 10], "texture": "#0"},
				"west": {"uv": [13, 2.25, 14.25, 2.5], "texture": "#0"},
				"up": {"uv": [10.75, 9.75, 9.75, 8.5], "texture": "#0"},
				"down": {"uv": [10.75, 9.75, 9.75, 11], "texture": "#0"}
			}
		},
		{
			"from": [8.5, 6, 18.1],
			"to": [14.5, 6.5, 19.1],
			"rotation": {"angle": 0, "axis": "y", "origin": [11.5, 6, 15.1]},
			"faces": {
				"north": {"uv": [14, 4.5, 15.5, 4.625], "texture": "#0"},
				"east": {"uv": [15.25, 14.25, 15.5, 14.375], "texture": "#0"},
				"south": {"uv": [14, 4.75, 15.5, 4.875], "texture": "#0"},
				"west": {"uv": [14.5, 15.25, 14.75, 15.375], "texture": "#0"},
				"up": {"uv": [13, 2.75, 11.5, 2.5], "texture": "#0"},
				"down": {"uv": [13, 2.75, 11.5, 3], "texture": "#0"}
			}
		},
		{
			"from": [9.5, 6, 18.7],
			"to": [13.5, 13.5, 19.7],
			"rotation": {"angle": 0, "axis": "y", "origin": [11.5, 6, 15.7]},
			"faces": {
				"north": {"uv": [1, 8, 2, 9.875], "texture": "#0"},
				"east": {"uv": [9, 11.25, 9.25, 13.125], "texture": "#0"},
				"south": {"uv": [2, 8, 3, 9.875], "texture": "#0"},
				"west": {"uv": [10.75, 11.25, 11, 13.125], "texture": "#0"},
				"up": {"uv": [14.25, 13.75, 13.25, 13.5], "texture": "#0"},
				"down": {"uv": [14.75, 4, 13.75, 4.25], "texture": "#0"}
			}
		},
		{
			"from": [10, 13.5, 18.7],
			"to": [13, 14.3, 19.7],
			"rotation": {"angle": 0, "axis": "y", "origin": [11.6, 7.5, 15.7]},
			"faces": {
				"north": {"uv": [10, 14, 10.75, 14.25], "texture": "#0"},
				"east": {"uv": [15, 10.75, 15.25, 11], "texture": "#0"},
				"south": {"uv": [14, 11, 14.75, 11.25], "texture": "#0"},
				"west": {"uv": [15, 11, 15.25, 11.25], "texture": "#0"},
				"up": {"uv": [14, 14.25, 13.25, 14], "texture": "#0"},
				"down": {"uv": [14.75, 13.75, 14, 14], "texture": "#0"}
			}
		},
		{
			"from": [13.5, 6, 18.7],
			"to": [14.5, 11.5, 19.7],
			"rotation": {"angle": 0, "axis": "y", "origin": [12.5, 6, 15.7]},
			"faces": {
				"north": {"uv": [2.25, 11.75, 2.5, 13.125], "texture": "#0"},
				"east": {"uv": [2.5, 11.75, 2.75, 13.125], "texture": "#0"},
				"south": {"uv": [2.75, 11.75, 3, 13.125], "texture": "#0"},
				"west": {"uv": [11.75, 7.25, 12, 8.625], "texture": "#0"},
				"up": {"uv": [15.25, 11.5, 15, 11.25], "texture": "#0"},
				"down": {"uv": [15.25, 12, 15, 12.25], "texture": "#0"}
			}
		},
		{
			"from": [8.5, 6, 18.7],
			"to": [9.5, 11.5, 19.7],
			"rotation": {"angle": 0, "axis": "y", "origin": [7.5, 6, 15.7]},
			"faces": {
				"north": {"uv": [7.75, 11.75, 8, 13.125], "texture": "#0"},
				"east": {"uv": [8, 11.75, 8.25, 13.125], "texture": "#0"},
				"south": {"uv": [11.75, 8.75, 12, 10.125], "texture": "#0"},
				"west": {"uv": [9.25, 11.75, 9.5, 13.125], "texture": "#0"},
				"up": {"uv": [15.25, 12.5, 15, 12.25], "texture": "#0"},
				"down": {"uv": [15.25, 12.5, 15, 12.75], "texture": "#0"}
			}
		},
		{
			"from": [8.5, 7.6, 17.3],
			"to": [9.5, 11.9, 18.4],
			"rotation": {"angle": 22.5, "axis": "x", "origin": [7.5, 7.6, 14.3]},
			"faces": {
				"north": {"uv": [8, 13.25, 8.25, 14.375], "texture": "#0"},
				"east": {"uv": [8.25, 13.25, 8.5, 14.375], "texture": "#0"},
				"south": {"uv": [8.5, 13.25, 8.75, 14.375], "texture": "#0"},
				"west": {"uv": [8.75, 13.25, 9, 14.375], "texture": "#0"},
				"up": {"uv": [15.25, 13.5, 15, 13.25], "texture": "#0"},
				"down": {"uv": [15.25, 13.5, 15, 13.75], "texture": "#0"}
			}
		},
		{
			"from": [8.5, 7.6, 18.3],
			"to": [9.5, 9.2, 19.4],
			"rotation": {"angle": 22.5, "axis": "x", "origin": [7.5, 7.6, 15.3]},
			"faces": {
				"north": {"uv": [14.5, 12, 14.75, 12.375], "texture": "#0"},
				"east": {"uv": [14.5, 14, 14.75, 14.375], "texture": "#0"},
				"south": {"uv": [14.25, 14.5, 14.5, 14.875], "texture": "#0"},
				"west": {"uv": [14.5, 14.5, 14.75, 14.875], "texture": "#0"},
				"up": {"uv": [15.25, 14, 15, 13.75], "texture": "#0"},
				"down": {"uv": [15.25, 14, 15, 14.25], "texture": "#0"}
			}
		},
		{
			"from": [13.5, 7.6, 17.3],
			"to": [14.5, 11.9, 18.4],
			"rotation": {"angle": 22.5, "axis": "x", "origin": [12.5, 7.6, 14.3]},
			"faces": {
				"north": {"uv": [9, 13.25, 9.25, 14.375], "texture": "#0"},
				"east": {"uv": [9.25, 13.25, 9.5, 14.375], "texture": "#0"},
				"south": {"uv": [9.5, 13.25, 9.75, 14.375], "texture": "#0"},
				"west": {"uv": [9.75, 13.25, 10, 14.375], "texture": "#0"},
				"up": {"uv": [14.5, 15.25, 14.25, 15], "texture": "#0"},
				"down": {"uv": [15.25, 14.25, 15, 14.5], "texture": "#0"}
			}
		},
		{
			"from": [13.5, 5.4, 13.5],
			"to": [14.5, 6.4, 18.5],
			"rotation": {"angle": 0, "axis": "y", "origin": [12.5, 5.4, 14.5]},
			"faces": {
				"north": {"uv": [14.5, 15, 14.75, 15.25], "texture": "#0"},
				"east": {"uv": [13, 2.5, 14.25, 2.75], "texture": "#0"},
				"south": {"uv": [15, 14.5, 15.25, 14.75], "texture": "#0"},
				"west": {"uv": [13, 2.75, 14.25, 3], "texture": "#0"},
				"up": {"uv": [5.25, 14.25, 5, 13], "texture": "#0"},
				"down": {"uv": [5.5, 13, 5.25, 14.25], "texture": "#0"}
			}
		},
		{
			"from": [13, 5.2, 13.5],
			"to": [14, 6.2, 18.5],
			"rotation": {"angle": 0, "axis": "y", "origin": [12, 5.2, 14.5]},
			"faces": {
				"north": {"uv": [14.75, 15, 15, 15.25], "texture": "#0"},
				"east": {"uv": [13, 5, 14.25, 5.25], "texture": "#0"},
				"south": {"uv": [15, 14.75, 15.25, 15], "texture": "#0"},
				"west": {"uv": [13, 5.25, 14.25, 5.5], "texture": "#0"},
				"up": {"uv": [5.75, 14.25, 5.5, 13], "texture": "#0"},
				"down": {"uv": [6, 13, 5.75, 14.25], "texture": "#0"}
			}
		},
		{
			"from": [9, 5.2, 13.5],
			"to": [10, 6.2, 18.5],
			"rotation": {"angle": 0, "axis": "y", "origin": [8, 5.2, 14.5]},
			"faces": {
				"north": {"uv": [15, 15, 15.25, 15.25], "texture": "#0"},
				"east": {"uv": [9.5, 13, 10.75, 13.25], "texture": "#0"},
				"south": {"uv": [0, 15.25, 0.25, 15.5], "texture": "#0"},
				"west": {"uv": [13, 10.25, 14.25, 10.5], "texture": "#0"},
				"up": {"uv": [6.25, 14.25, 6, 13], "texture": "#0"},
				"down": {"uv": [11.25, 13, 11, 14.25], "texture": "#0"}
			}
		},
		{
			"from": [8.5, 5.5, 13.5],
			"to": [9.5, 6.5, 18.5],
			"rotation": {"angle": 0, "axis": "y", "origin": [7.5, 5.5, 14.5]},
			"faces": {
				"north": {"uv": [15.25, 0, 15.5, 0.25], "texture": "#0"},
				"east": {"uv": [13, 10.5, 14.25, 10.75], "texture": "#0"},
				"south": {"uv": [0.25, 15.25, 0.5, 15.5], "texture": "#0"},
				"west": {"uv": [13, 10.75, 14.25, 11], "texture": "#0"},
				"up": {"uv": [11.5, 14.25, 11.25, 13], "texture": "#0"},
				"down": {"uv": [11.75, 13, 11.5, 14.25], "texture": "#0"}
			}
		}
	],
	"display": {
		"ground": {
			"scale": [2.49414, 2.47461, 2.47461]
		}
	},
	"groups": [
		{
			"name": "Reifen",
			"origin": [-1, 0, 0],
			"color": 0,
			"children": [
				0,
				1,
				2,
				3,
				4,
				{
					"name": "Reifen",
					"origin": [-1, 0, 0],
					"color": 0,
					"children": [5, 6, 7, 8, 9]
				},
				{
					"name": "Reifen",
					"origin": [-1, 0, 0],
					"color": 0,
					"children": [
						10,
						11,
						12,
						13,
						14,
						{
							"name": "Reifen",
							"origin": [-1, 0, 0],
							"color": 0,
							"children": [15, 16, 17, 18, 19]
						}
					]
				},
				{
					"name": "Reifen",
					"origin": [-1, 0, 0],
					"color": 0,
					"children": []
				},
				20,
				21
			]
		},
		{
			"name": "group",
			"origin": [3, 3, 5],
			"color": 0,
			"children": [22, 23, 24, 25, 26, 27, 28, 29, 30, 31, 32, 33, 34, 35, 36, 37, 38, 39, 40, 41, 42, 43]
		},
		{
			"name": "Sitz",
			"origin": [-7, 4.6, 0.8],
			"color": 0,
			"children": [
				44,
				45,
				46,
				47,
				48,
				49,
				50,
				51,
				52,
				53,
				54,
				55,
				56,
				57,
				{
					"name": "Sitz",
					"origin": [-7, 4.6, 0.8],
					"color": 0,
					"children": [58, 59, 60, 61, 62, 63, 64, 65, 66, 67, 68, 69, 70, 71]
				},
				{
					"name": "Sitz",
					"origin": [-7, 4.6, 0.8],
					"color": 0,
					"children": [
						72,
						73,
						74,
						75,
						76,
						77,
						78,
						79,
						80,
						81,
						82,
						83,
						84,
						85,
						{
							"name": "Sitz",
							"origin": [-7, 4.6, 0.8],
							"color": 0,
							"children": [86, 87, 88, 89, 90, 91, 92, 93, 94, 95, 96, 97, 98, 99]
						}
					]
				}
			]
		}
	]
}