{
	"format_version": "1.21.6",
	"credit": "Made with Blockbench",
	"textures": {
		"layer0": "item/golden_pickaxe"
	},
	"elements": [
		{
			"from": [0, 0, 12],
			"to": [4, 11, 16],
			"rotation": {"angle": 0, "axis": "y", "origin": [1, 0, 11]},
			"faces": {
				"north": {"uv": [0, 0, 3, 12], "texture": "#layer0"},
				"east": {"uv": [3, 0, 6, 12], "texture": "#layer0"},
				"south": {"uv": [6, 0, 9, 12], "texture": "#layer0"},
				"west": {"uv": [9, 0, 12, 12], "texture": "#layer0"},
				"up": {"uv": [3, 15, 0, 12], "texture": "#layer0"},
				"down": {"uv": [15, 0, 12, 3], "texture": "#layer0"}
			}
		}
	],
	"display": {
		"thirdperson_righthand": {
			"rotation": [-90, 0, 0],
			"translation": [-6, -8, 3]
		}
	}
}