{
	"format_version": "1.9.0",
	"credit": "Made with Blockbench",
	"texture_size": [64, 64],
	"textures": {
		"2": "item/golden_shovel",
		"particle": "item/golden_shovel"
	},
	"elements": [
		{
			"from": [14, 0.3, 12.95],
			"to": [15, 2.65, 15.3],
			"rotation": {"angle": 0, "axis": "y", "origin": [14, 0.5, 13.8]},
			"faces": {
				"north": {"uv": [6, 7.5, 6.25, 8.125], "texture": "#2"},
				"east": {"uv": [1.5, 5.25, 2.125, 5.875], "texture": "#2"},
				"south": {"uv": [6.25, 7.5, 6.5, 8.125], "texture": "#2"},
				"west": {"uv": [2.25, 5.25, 2.875, 5.875], "texture": "#2"},
				"up": {"uv": [6.75, 8.125, 6.5, 7.5], "texture": "#2"},
				"down": {"uv": [7, 7.5, 6.75, 8.125], "texture": "#2"}
			}
		},
		{
			"from": [14, 2.6, 12.95],
			"to": [15, 2.95, 15.3],
			"rotation": {"angle": 0, "axis": "y", "origin": [14, 0.6, 13.8]},
			"faces": {
				"north": {"uv": [4.75, 3, 5, 3.25], "texture": "#2"},
				"east": {"uv": [7.5, 5.75, 8.125, 6], "texture": "#2"},
				"south": {"uv": [4.5, 5.5, 4.75, 5.75], "texture": "#2"},
				"west": {"uv": [7.5, 6, 8.125, 6.25], "texture": "#2"},
				"up": {"uv": [7.25, 8.125, 7, 7.5], "texture": "#2"},
				"down": {"uv": [7.75, 7, 7.5, 7.625], "texture": "#2"}
			}
		},
		{
			"from": [14, 0, 12.95],
			"to": [15, 0.35, 15.3],
			"rotation": {"angle": 0, "axis": "y", "origin": [14, -1.3, 13.8]},
			"faces": {
				"north": {"uv": [8.25, 4.25, 8.5, 4.5], "texture": "#2"},
				"east": {"uv": [0, 7.75, 0.625, 8], "texture": "#2"},
				"south": {"uv": [8.5, 1.5, 8.75, 1.75], "texture": "#2"},
				"west": {"uv": [0.75, 7.75, 1.375, 8], "texture": "#2"},
				"up": {"uv": [7.5, 8.125, 7.25, 7.5], "texture": "#2"},
				"down": {"uv": [1.75, 7.75, 1.5, 8.375], "texture": "#2"}
			}
		},
		{
			"from": [14, 1.1, 15.25],
			"to": [15, 2.65, 15.6],
			"rotation": {"angle": 0, "axis": "y", "origin": [14, 0.4, 14.1]},
			"faces": {
				"north": {"uv": [8.25, 5.75, 8.5, 6.125], "texture": "#2"},
				"east": {"uv": [8.5, 1, 8.75, 1.375], "texture": "#2"},
				"south": {"uv": [8.5, 3, 8.75, 3.375], "texture": "#2"},
				"west": {"uv": [8.5, 6.75, 8.75, 7.125], "texture": "#2"},
				"up": {"uv": [8.75, 3.75, 8.5, 3.5], "texture": "#2"},
				"down": {"uv": [8.75, 6.25, 8.5, 6.5], "texture": "#2"}
			}
		},
		{
			"from": [14, 0.3, 15.25],
			"to": [15, 1.85, 15.6],
			"rotation": {"angle": 0, "axis": "y", "origin": [14, 0.1, 14.1]},
			"faces": {
				"north": {"uv": [8.75, 1, 9, 1.375], "texture": "#2"},
				"east": {"uv": [9.25, 0, 9.5, 0.375], "texture": "#2"},
				"south": {"uv": [9.25, 0.5, 9.5, 0.875], "texture": "#2"},
				"west": {"uv": [9.25, 1, 9.5, 1.375], "texture": "#2"},
				"up": {"uv": [9, 1.75, 8.75, 1.5], "texture": "#2"},
				"down": {"uv": [9, 6.25, 8.75, 6.5], "texture": "#2"}
			}
		},
		{
			"from": [14, 0.3, 12.65],
			"to": [15, 1.85, 13],
			"rotation": {"angle": 0, "axis": "y", "origin": [14, 0.1, 13.2]},
			"faces": {
				"north": {"uv": [9.25, 1.5, 9.5, 1.875], "texture": "#2"},
				"east": {"uv": [9.25, 2, 9.5, 2.375], "texture": "#2"},
				"south": {"uv": [9.25, 2.5, 9.5, 2.875], "texture": "#2"},
				"west": {"uv": [9.25, 3, 9.5, 3.375], "texture": "#2"},
				"up": {"uv": [9.5, 9.25, 9.25, 9], "texture": "#2"},
				"down": {"uv": [9.5, 9.25, 9.25, 9.5], "texture": "#2"}
			}
		},
		{
			"from": [14, 1.1, 12.65],
			"to": [15, 2.65, 13],
			"rotation": {"angle": 0, "axis": "y", "origin": [14, 0.4, 13.2]},
			"faces": {
				"north": {"uv": [9.25, 3.5, 9.5, 3.875], "texture": "#2"},
				"east": {"uv": [9.25, 4, 9.5, 4.375], "texture": "#2"},
				"south": {"uv": [9.25, 4.5, 9.5, 4.875], "texture": "#2"},
				"west": {"uv": [9.25, 5, 9.5, 5.375], "texture": "#2"},
				"up": {"uv": [0.25, 9.75, 0, 9.5], "texture": "#2"},
				"down": {"uv": [9.75, 0, 9.5, 0.25], "texture": "#2"}
			}
		},
		{
			"from": [1, 0.3, 12.95],
			"to": [2, 2.65, 15.3],
			"rotation": {"angle": 0, "axis": "y", "origin": [1, 0.5, 13.8]},
			"faces": {
				"north": {"uv": [1.75, 7.75, 2, 8.375], "texture": "#2"},
				"east": {"uv": [3.75, 5.5, 4.375, 6.125], "texture": "#2"},
				"south": {"uv": [2, 7.75, 2.25, 8.375], "texture": "#2"},
				"west": {"uv": [5.5, 3.75, 6.125, 4.375], "texture": "#2"},
				"up": {"uv": [2.5, 8.375, 2.25, 7.75], "texture": "#2"},
				"down": {"uv": [2.75, 7.75, 2.5, 8.375], "texture": "#2"}
			}
		},
		{
			"from": [1, 2.6, 12.95],
			"to": [2, 2.95, 15.3],
			"rotation": {"angle": 0, "axis": "y", "origin": [1, 0.6, 13.8]},
			"faces": {
				"north": {"uv": [0.25, 9.5, 0.5, 9.75], "texture": "#2"},
				"east": {"uv": [2.75, 7.75, 3.375, 8], "texture": "#2"},
				"south": {"uv": [9.5, 0.25, 9.75, 0.5], "texture": "#2"},
				"west": {"uv": [3.5, 7.75, 4.125, 8], "texture": "#2"},
				"up": {"uv": [4.5, 8.375, 4.25, 7.75], "texture": "#2"},
				"down": {"uv": [4.75, 7.75, 4.5, 8.375], "texture": "#2"}
			}
		},
		{
			"from": [1, 0, 12.95],
			"to": [2, 0.35, 15.3],
			"rotation": {"angle": 0, "axis": "y", "origin": [1, -1.3, 13.8]},
			"faces": {
				"north": {"uv": [0.5, 9.5, 0.75, 9.75], "texture": "#2"},
				"east": {"uv": [4.75, 7.75, 5.375, 8], "texture": "#2"},
				"south": {"uv": [9.5, 0.5, 9.75, 0.75], "texture": "#2"},
				"west": {"uv": [7.75, 7, 8.375, 7.25], "texture": "#2"},
				"up": {"uv": [5.75, 8.375, 5.5, 7.75], "texture": "#2"},
				"down": {"uv": [6, 7.75, 5.75, 8.375], "texture": "#2"}
			}
		},
		{
			"from": [1, 1.3, 15.25],
			"to": [2, 2.65, 15.6],
			"rotation": {"angle": 0, "axis": "y", "origin": [1, 0.4, 14.1]},
			"faces": {
				"north": {"uv": [9.25, 5.5, 9.5, 5.875], "texture": "#2"},
				"east": {"uv": [6, 9.25, 6.25, 9.625], "texture": "#2"},
				"south": {"uv": [9.25, 6, 9.5, 6.375], "texture": "#2"},
				"west": {"uv": [6.25, 9.25, 6.5, 9.625], "texture": "#2"},
				"up": {"uv": [1, 9.75, 0.75, 9.5], "texture": "#2"},
				"down": {"uv": [9.75, 0.75, 9.5, 1], "texture": "#2"}
			}
		},
		{
			"from": [1, 0.3, 15.25],
			"to": [2, 1.35, 15.6],
			"rotation": {"angle": 0, "axis": "y", "origin": [1, 0.1, 14.1]},
			"faces": {
				"north": {"uv": [6.5, 9.25, 6.75, 9.625], "texture": "#2"},
				"east": {"uv": [9.25, 6.5, 9.5, 6.875], "texture": "#2"},
				"south": {"uv": [6.75, 9.25, 7, 9.625], "texture": "#2"},
				"west": {"uv": [7, 9.25, 7.25, 9.625], "texture": "#2"},
				"up": {"uv": [1.25, 9.75, 1, 9.5], "texture": "#2"},
				"down": {"uv": [9.75, 1, 9.5, 1.25], "texture": "#2"}
			}
		},
		{
			"from": [1, 0.3, 12.65],
			"to": [2, 1.65, 13],
			"rotation": {"angle": 0, "axis": "y", "origin": [1, 0.1, 13.2]},
			"faces": {
				"north": {"uv": [9.25, 7, 9.5, 7.375], "texture": "#2"},
				"east": {"uv": [7.25, 9.25, 7.5, 9.625], "texture": "#2"},
				"south": {"uv": [7.5, 9.25, 7.75, 9.625], "texture": "#2"},
				"west": {"uv": [9.25, 7.5, 9.5, 7.875], "texture": "#2"},
				"up": {"uv": [1.5, 9.75, 1.25, 9.5], "texture": "#2"},
				"down": {"uv": [9.75, 1.25, 9.5, 1.5], "texture": "#2"}
			}
		},
		{
			"from": [1, 1.6, 12.65],
			"to": [2, 2.65, 13],
			"rotation": {"angle": 0, "axis": "y", "origin": [1, 0.4, 13.2]},
			"faces": {
				"north": {"uv": [7.75, 9.25, 8, 9.625], "texture": "#2"},
				"east": {"uv": [8, 9.25, 8.25, 9.625], "texture": "#2"},
				"south": {"uv": [9.25, 8, 9.5, 8.375], "texture": "#2"},
				"west": {"uv": [8.25, 9.25, 8.5, 9.625], "texture": "#2"},
				"up": {"uv": [1.75, 9.75, 1.5, 9.5], "texture": "#2"},
				"down": {"uv": [9.75, 1.5, 9.5, 1.75], "texture": "#2"}
			}
		},
		{
			"from": [2, 0.95, 13.95],
			"to": [14, 1.65, 14.45],
			"rotation": {"angle": 0, "axis": "y", "origin": [12, 0.95, 13.95]},
			"faces": {
				"north": {"uv": [5.5, 4.5, 8.5, 4.625], "texture": "#2"},
				"east": {"uv": [6, 10, 6.125, 10.125], "texture": "#2"},
				"south": {"uv": [5.5, 4.75, 8.5, 4.875], "texture": "#2"},
				"west": {"uv": [10, 6, 10.125, 6.125], "texture": "#2"},
				"up": {"uv": [8.5, 5.125, 5.5, 5], "texture": "#2"},
				"down": {"uv": [8.5, 5.25, 5.5, 5.375], "texture": "#2"}
			}
		},
		{
			"from": [6, 3, 10],
			"to": [10, 3.5, 10.5],
			"rotation": {"angle": 0, "axis": "y", "origin": [7, 3, 10]},
			"faces": {
				"north": {"uv": [7.75, 7.25, 8.75, 7.375], "texture": "#2"},
				"east": {"uv": [6.25, 10, 6.375, 10.125], "texture": "#2"},
				"south": {"uv": [7.5, 7.75, 8.5, 7.875], "texture": "#2"},
				"west": {"uv": [10, 6.25, 10.125, 6.375], "texture": "#2"},
				"up": {"uv": [8.75, 7.625, 7.75, 7.5], "texture": "#2"},
				"down": {"uv": [1, 8, 0, 8.125], "texture": "#2"}
			}
		},
		{
			"from": [4, 2.8, 10.2],
			"to": [12, 3.3, 10.7],
			"rotation": {"angle": 0, "axis": "y", "origin": [7, 2.8, 10.2]},
			"faces": {
				"north": {"uv": [2, 6.75, 4, 6.875], "texture": "#2"},
				"east": {"uv": [9.5, 10, 9.625, 10.125], "texture": "#2"},
				"south": {"uv": [4, 6.75, 6, 6.875], "texture": "#2"},
				"west": {"uv": [10, 9.5, 10.125, 9.625], "texture": "#2"},
				"up": {"uv": [8, 6.875, 6, 6.75], "texture": "#2"},
				"down": {"uv": [2, 7, 0, 7.125], "texture": "#2"}
			}
		},
		{
			"from": [5, 2.6, 9.9],
			"to": [11, 3.1, 10.4],
			"rotation": {"angle": 0, "axis": "y", "origin": [7, 2.6, 9.9]},
			"faces": {
				"north": {"uv": [0, 7.5, 1.5, 7.625], "texture": "#2"},
				"east": {"uv": [9.25, 10, 9.375, 10.125], "texture": "#2"},
				"south": {"uv": [1.5, 7.5, 3, 7.625], "texture": "#2"},
				"west": {"uv": [10, 9.25, 10.125, 9.375], "texture": "#2"},
				"up": {"uv": [4.5, 7.625, 3, 7.5], "texture": "#2"},
				"down": {"uv": [6, 7.5, 4.5, 7.625], "texture": "#2"}
			}
		},
		{
			"from": [6, 2.4, 9.6],
			"to": [10, 2.9, 10.1],
			"rotation": {"angle": 0, "axis": "y", "origin": [7, 2.4, 9.6]},
			"faces": {
				"north": {"uv": [8, 1.75, 9, 1.875], "texture": "#2"},
				"east": {"uv": [9, 10, 9.125, 10.125], "texture": "#2"},
				"south": {"uv": [8, 2, 9, 2.125], "texture": "#2"},
				"west": {"uv": [10, 9, 10.125, 9.125], "texture": "#2"},
				"up": {"uv": [3.75, 8.125, 2.75, 8], "texture": "#2"},
				"down": {"uv": [9, 6.5, 8, 6.625], "texture": "#2"}
			}
		},
		{
			"from": [5, 3.2, 10.3],
			"to": [11, 3.7, 10.8],
			"rotation": {"angle": 0, "axis": "y", "origin": [7, 3.2, 10.3]},
			"faces": {
				"north": {"uv": [6, 7, 7.5, 7.125], "texture": "#2"},
				"east": {"uv": [6.5, 10, 6.625, 10.125], "texture": "#2"},
				"south": {"uv": [7, 6.25, 8.5, 6.375], "texture": "#2"},
				"west": {"uv": [10, 6.5, 10.125, 6.625], "texture": "#2"},
				"up": {"uv": [1.5, 7.375, 0, 7.25], "texture": "#2"},
				"down": {"uv": [7.5, 7.25, 6, 7.375], "texture": "#2"}
			}
		},
		{
			"from": [4, 3.4, 10.6],
			"to": [12, 3.9, 11.1],
			"rotation": {"angle": 0, "axis": "y", "origin": [7, 3.4, 10.6]},
			"faces": {
				"north": {"uv": [6.25, 4, 8.25, 4.125], "texture": "#2"},
				"east": {"uv": [6.75, 10, 6.875, 10.125], "texture": "#2"},
				"south": {"uv": [6.25, 4.25, 8.25, 4.375], "texture": "#2"},
				"west": {"uv": [10, 6.75, 10.125, 6.875], "texture": "#2"},
				"up": {"uv": [7, 6.375, 5, 6.25], "texture": "#2"},
				"down": {"uv": [2, 6.5, 0, 6.625], "texture": "#2"}
			}
		},
		{
			"from": [4, 3.6, 10.9],
			"to": [12, 4.1, 11.4],
			"rotation": {"angle": 0, "axis": "y", "origin": [7, 3.6, 10.9]},
			"faces": {
				"north": {"uv": [2, 6.5, 4, 6.625], "texture": "#2"},
				"east": {"uv": [10, 7, 10.125, 7.125], "texture": "#2"},
				"south": {"uv": [4, 6.5, 6, 6.625], "texture": "#2"},
				"west": {"uv": [10, 7.25, 10.125, 7.375], "texture": "#2"},
				"up": {"uv": [8, 6.625, 6, 6.5], "texture": "#2"},
				"down": {"uv": [2, 6.75, 0, 6.875], "texture": "#2"}
			}
		},
		{
			"from": [3, 3.8, 11],
			"to": [13, 4.3, 11.5],
			"rotation": {"angle": 0, "axis": "y", "origin": [7, 3.8, 11]},
			"faces": {
				"north": {"uv": [4.5, 5.75, 7, 5.875], "texture": "#2"},
				"east": {"uv": [7.5, 10, 7.625, 10.125], "texture": "#2"},
				"south": {"uv": [0, 6, 2.5, 6.125], "texture": "#2"},
				"west": {"uv": [10, 7.5, 10.125, 7.625], "texture": "#2"},
				"up": {"uv": [8.5, 1.125, 6, 1], "texture": "#2"},
				"down": {"uv": [8.5, 1.25, 6, 1.375], "texture": "#2"}
			}
		},
		{
			"from": [3, 3.9, 11.3],
			"to": [13, 4.4, 11.8],
			"rotation": {"angle": 0, "axis": "y", "origin": [7, 3.9, 11.3]},
			"faces": {
				"north": {"uv": [6, 1.5, 8.5, 1.625], "texture": "#2"},
				"east": {"uv": [7.75, 10, 7.875, 10.125], "texture": "#2"},
				"south": {"uv": [6, 3, 8.5, 3.125], "texture": "#2"},
				"west": {"uv": [10, 8.25, 10.125, 8.375], "texture": "#2"},
				"up": {"uv": [8.5, 3.375, 6, 3.25], "texture": "#2"},
				"down": {"uv": [8.5, 3.5, 6, 3.625], "texture": "#2"}
			}
		},
		{
			"from": [3, 4.1, 11.6],
			"to": [13, 4.6, 12.1],
			"rotation": {"angle": 0, "axis": "y", "origin": [7, 4.1, 11.6]},
			"faces": {
				"north": {"uv": [4.5, 6, 7, 6.125], "texture": "#2"},
				"east": {"uv": [8.5, 10, 8.625, 10.125], "texture": "#2"},
				"south": {"uv": [0, 6.25, 2.5, 6.375], "texture": "#2"},
				"west": {"uv": [10, 8.5, 10.125, 8.625], "texture": "#2"},
				"up": {"uv": [5, 6.375, 2.5, 6.25], "texture": "#2"},
				"down": {"uv": [8.75, 3.75, 6.25, 3.875], "texture": "#2"}
			}
		},
		{
			"from": [2.2, 4.1, 12],
			"to": [13.7, 4.9, 12.5],
			"rotation": {"angle": 0, "axis": "y", "origin": [7, 4.1, 12]},
			"faces": {
				"north": {"uv": [5, 1.75, 7.875, 2], "texture": "#2"},
				"east": {"uv": [3.5, 10, 3.625, 10.25], "texture": "#2"},
				"south": {"uv": [5, 2, 7.875, 2.25], "texture": "#2"},
				"west": {"uv": [10, 3.5, 10.125, 3.75], "texture": "#2"},
				"up": {"uv": [8.625, 2.625, 5.75, 2.5], "texture": "#2"},
				"down": {"uv": [8.625, 2.75, 5.75, 2.875], "texture": "#2"}
			}
		},
		{
			"from": [2, 4.75, 12.5],
			"to": [14, 5.25, 13],
			"rotation": {"angle": 0, "axis": "y", "origin": [7, 4.75, 12.5]},
			"faces": {
				"north": {"uv": [5.5, 5.5, 8.5, 5.625], "texture": "#2"},
				"east": {"uv": [8.75, 10, 8.875, 10.125], "texture": "#2"},
				"south": {"uv": [5.75, 0, 8.75, 0.125], "texture": "#2"},
				"west": {"uv": [10, 8.75, 10.125, 8.875], "texture": "#2"},
				"up": {"uv": [8.75, 0.375, 5.75, 0.25], "texture": "#2"},
				"down": {"uv": [8.75, 0.5, 5.75, 0.625], "texture": "#2"}
			}
		},
		{
			"from": [2, 4.75, 13],
			"to": [14, 5.25, 16],
			"rotation": {"angle": 0, "axis": "y", "origin": [7, 4.75, 12.5]},
			"faces": {
				"north": {"uv": [5.75, 0.75, 8.75, 0.875], "texture": "#2"},
				"east": {"uv": [9.25, 8.5, 10, 8.625], "texture": "#2"},
				"south": {"uv": [5.75, 2.25, 8.75, 2.375], "texture": "#2"},
				"west": {"uv": [9.25, 8.75, 10, 8.875], "texture": "#2"},
				"up": {"uv": [3, 0.75, 0, 0], "texture": "#2"},
				"down": {"uv": [3, 0.75, 0, 1.5], "texture": "#2"}
			}
		},
		{
			"from": [5.75, 4, 10],
			"to": [6, 4.8, 12],
			"rotation": {"angle": -22.5, "axis": "y", "origin": [4, 4, 10]},
			"faces": {
				"north": {"uv": [3.75, 10, 3.875, 10.25], "texture": "#2"},
				"east": {"uv": [5, 3.75, 5.5, 4], "texture": "#2"},
				"south": {"uv": [4, 10, 4.125, 10.25], "texture": "#2"},
				"west": {"uv": [2.5, 6, 3, 6.25], "texture": "#2"},
				"up": {"uv": [1.875, 10, 1.75, 9.5], "texture": "#2"},
				"down": {"uv": [9.625, 1.75, 9.5, 2.25], "texture": "#2"}
			}
		},
		{
			"from": [5.45, 4.4, 10.7],
			"to": [5.7, 5.2, 12.7],
			"rotation": {"angle": -22.5, "axis": "y", "origin": [3.7, 4.4, 10.7]},
			"faces": {
				"north": {"uv": [10, 4.25, 10.125, 4.5], "texture": "#2"},
				"east": {"uv": [1.5, 7.25, 2, 7.5], "texture": "#2"},
				"south": {"uv": [10, 4.5, 10.125, 4.75], "texture": "#2"},
				"west": {"uv": [1, 8, 1.5, 8.25], "texture": "#2"},
				"up": {"uv": [2.125, 10, 2, 9.5], "texture": "#2"},
				"down": {"uv": [2.375, 9.5, 2.25, 10], "texture": "#2"}
			}
		},
		{
			"from": [5.05, 4.9, 11.7],
			"to": [5.3, 5.7, 13.7],
			"rotation": {"angle": -22.5, "axis": "y", "origin": [3.3, 4.9, 11.7]},
			"faces": {
				"north": {"uv": [4.75, 10, 4.875, 10.25], "texture": "#2"},
				"east": {"uv": [3.75, 8, 4.25, 8.25], "texture": "#2"},
				"south": {"uv": [10, 4.75, 10.125, 5], "texture": "#2"},
				"west": {"uv": [4.75, 8, 5.25, 8.25], "texture": "#2"},
				"up": {"uv": [9.625, 2.75, 9.5, 2.25], "texture": "#2"},
				"down": {"uv": [2.625, 9.5, 2.5, 10], "texture": "#2"}
			}
		},
		{
			"from": [10.35, 4, 11.6],
			"to": [10.6, 4.8, 13.6],
			"rotation": {"angle": 22.5, "axis": "y", "origin": [8.6, 4, 11.6]},
			"faces": {
				"north": {"uv": [5.75, 10, 5.875, 10.25], "texture": "#2"},
				"east": {"uv": [0.5, 8.25, 1, 8.5], "texture": "#2"},
				"south": {"uv": [10, 5.75, 10.125, 6], "texture": "#2"},
				"west": {"uv": [1, 8.25, 1.5, 8.5], "texture": "#2"},
				"up": {"uv": [9.625, 3.75, 9.5, 3.25], "texture": "#2"},
				"down": {"uv": [3.625, 9.5, 3.5, 10], "texture": "#2"}
			}
		},
		{
			"from": [10.65, 4.6, 12.3],
			"to": [10.9, 5.4, 14.3],
			"rotation": {"angle": 22.5, "axis": "y", "origin": [8.9, 4.6, 12.3]},
			"faces": {
				"north": {"uv": [10, 5.25, 10.125, 5.5], "texture": "#2"},
				"east": {"uv": [8, 8, 8.5, 8.25], "texture": "#2"},
				"south": {"uv": [10, 5.5, 10.125, 5.75], "texture": "#2"},
				"west": {"uv": [0, 8.25, 0.5, 8.5], "texture": "#2"},
				"up": {"uv": [3.125, 10, 3, 9.5], "texture": "#2"},
				"down": {"uv": [3.375, 9.5, 3.25, 10], "texture": "#2"}
			}
		},
		{
			"from": [11.05, 4.9, 13.25],
			"to": [11.3, 5.7, 15.25],
			"rotation": {"angle": 22.5, "axis": "y", "origin": [9.3, 4.9, 13.25]},
			"faces": {
				"north": {"uv": [5, 10, 5.125, 10.25], "texture": "#2"},
				"east": {"uv": [8, 6.75, 8.5, 7], "texture": "#2"},
				"south": {"uv": [10, 5, 10.125, 5.25], "texture": "#2"},
				"west": {"uv": [7.5, 8, 8, 8.25], "texture": "#2"},
				"up": {"uv": [2.875, 10, 2.75, 9.5], "texture": "#2"},
				"down": {"uv": [9.625, 2.75, 9.5, 3.25], "texture": "#2"}
			}
		},
		{
			"from": [4.2, 1, 10.8],
			"to": [11.7, 3.8, 15],
			"rotation": {"angle": 0, "axis": "y", "origin": [2, 1, 13]},
			"faces": {
				"north": {"uv": [0, 2.5, 1.875, 3.25], "texture": "#2"},
				"east": {"uv": [3, 3.25, 4, 4], "texture": "#2"},
				"south": {"uv": [2, 2.5, 3.875, 3.25], "texture": "#2"},
				"west": {"uv": [4, 0, 5, 0.75], "texture": "#2"},
				"up": {"uv": [1.875, 2.5, 0, 1.5], "texture": "#2"},
				"down": {"uv": [3.875, 1.5, 2, 2.5], "texture": "#2"}
			}
		},
		{
			"from": [12.1, 1, 5.4],
			"to": [15.1, 4.2, 9.6],
			"rotation": {"angle": -45, "axis": "y", "origin": [5.4, 1, 7.6]},
			"faces": {
				"north": {"uv": [3, 5, 3.75, 5.75], "texture": "#2"},
				"east": {"uv": [4, 0.75, 5, 1.5], "texture": "#2"},
				"south": {"uv": [4.75, 5, 5.5, 5.75], "texture": "#2"},
				"west": {"uv": [4, 1.5, 5, 2.25], "texture": "#2"},
				"up": {"uv": [4.75, 3.25, 4, 2.25], "texture": "#2"},
				"down": {"uv": [3.75, 4, 3, 5], "texture": "#2"}
			}
		},
		{
			"from": [9.6, 1, 12.9],
			"to": [13.8, 4.8, 15.9],
			"rotation": {"angle": 0, "axis": "y", "origin": [11.6, 1, 6.2]},
			"faces": {
				"north": {"uv": [3, 0, 4, 1], "texture": "#2"},
				"east": {"uv": [1.5, 4.25, 2.25, 5.25], "texture": "#2"},
				"south": {"uv": [0, 3.25, 1, 4.25], "texture": "#2"},
				"west": {"uv": [2.25, 4.25, 3, 5.25], "texture": "#2"},
				"up": {"uv": [5.75, 3, 4.75, 2.25], "texture": "#2"},
				"down": {"uv": [4.75, 4.75, 3.75, 5.5], "texture": "#2"}
			}
		},
		{
			"from": [2.1, 1, 12.9],
			"to": [6.3, 4.8, 15.9],
			"rotation": {"angle": 0, "axis": "y", "origin": [4.1, 1, 6.2]},
			"faces": {
				"north": {"uv": [1, 3.25, 2, 4.25], "texture": "#2"},
				"east": {"uv": [4.75, 4, 5.5, 5], "texture": "#2"},
				"south": {"uv": [2, 3.25, 3, 4.25], "texture": "#2"},
				"west": {"uv": [5, 0, 5.75, 1], "texture": "#2"},
				"up": {"uv": [6, 1.75, 5, 1], "texture": "#2"},
				"down": {"uv": [6, 3, 5, 3.75], "texture": "#2"}
			}
		},
		{
			"from": [3.47868, 1, 16.12132],
			"to": [6.47868, 4.2, 20.32132],
			"rotation": {"angle": 45, "axis": "y", "origin": [-1.1, 1, 16.2]},
			"faces": {
				"north": {"uv": [0, 5.25, 0.75, 6], "texture": "#2"},
				"east": {"uv": [4, 3.25, 5, 4], "texture": "#2"},
				"south": {"uv": [0.75, 5.25, 1.5, 6], "texture": "#2"},
				"west": {"uv": [3.75, 4, 4.75, 4.75], "texture": "#2"},
				"up": {"uv": [0.75, 5.25, 0, 4.25], "texture": "#2"},
				"down": {"uv": [1.5, 4.25, 0.75, 5.25], "texture": "#2"}
			}
		},
		{
			"from": [3.8, 5, 13],
			"to": [5, 5.9, 15],
			"rotation": {"angle": 0, "axis": "y", "origin": [3, 5, 13]},
			"faces": {
				"north": {"uv": [3.75, 9.5, 4, 9.75], "texture": "#2"},
				"east": {"uv": [2.75, 8.25, 3.25, 8.5], "texture": "#2"},
				"south": {"uv": [9.5, 3.75, 9.75, 4], "texture": "#2"},
				"west": {"uv": [3.25, 8.25, 3.75, 8.5], "texture": "#2"},
				"up": {"uv": [3.75, 6.25, 3.5, 5.75], "texture": "#2"},
				"down": {"uv": [5.5, 8, 5.25, 8.5], "texture": "#2"}
			}
		},
		{
			"from": [3.4, 6, 13],
			"to": [5.5, 6.3, 15],
			"rotation": {"angle": 0, "axis": "y", "origin": [3.5, 6, 13]},
			"faces": {
				"north": {"uv": [4.25, 9.5, 4.75, 9.625], "texture": "#2"},
				"east": {"uv": [9.5, 4.25, 10, 4.375], "texture": "#2"},
				"south": {"uv": [9.5, 4.5, 10, 4.625], "texture": "#2"},
				"west": {"uv": [9.5, 4.75, 10, 4.875], "texture": "#2"},
				"up": {"uv": [3.5, 1.5, 3, 1], "texture": "#2"},
				"down": {"uv": [4, 1, 3.5, 1.5], "texture": "#2"}
			}
		},
		{
			"from": [10.4, 6, 13],
			"to": [12.5, 6.3, 15],
			"rotation": {"angle": 0, "axis": "y", "origin": [10.5, 6, 13]},
			"faces": {
				"north": {"uv": [9.5, 6.75, 10, 6.875], "texture": "#2"},
				"east": {"uv": [9.5, 7, 10, 7.125], "texture": "#2"},
				"south": {"uv": [9.5, 7.25, 10, 7.375], "texture": "#2"},
				"west": {"uv": [9.5, 7.5, 10, 7.625], "texture": "#2"},
				"up": {"uv": [4, 7.5, 3.5, 7], "texture": "#2"},
				"down": {"uv": [4.5, 7, 4, 7.5], "texture": "#2"}
			}
		},
		{
			"from": [5.3, 6, 13],
			"to": [7.4, 6.3, 15],
			"rotation": {"angle": -45, "axis": "z", "origin": [5.4, 6, 13]},
			"faces": {
				"north": {"uv": [9.5, 5, 10, 5.125], "texture": "#2"},
				"east": {"uv": [5.25, 9.5, 5.75, 9.625], "texture": "#2"},
				"south": {"uv": [9.5, 5.25, 10, 5.375], "texture": "#2"},
				"west": {"uv": [9.5, 5.5, 10, 5.625], "texture": "#2"},
				"up": {"uv": [3.5, 6.25, 3, 5.75], "texture": "#2"},
				"down": {"uv": [2.5, 7, 2, 7.5], "texture": "#2"}
			}
		},
		{
			"from": [12.59289, 5.29289, 13],
			"to": [14.69289, 5.59289, 15],
			"rotation": {"angle": -45, "axis": "z", "origin": [13.4, 6, 13]},
			"faces": {
				"north": {"uv": [9.5, 5.75, 10, 5.875], "texture": "#2"},
				"east": {"uv": [9.5, 6, 10, 6.125], "texture": "#2"},
				"south": {"uv": [9.5, 6.25, 10, 6.375], "texture": "#2"},
				"west": {"uv": [9.5, 6.5, 10, 6.625], "texture": "#2"},
				"up": {"uv": [3, 7.5, 2.5, 7], "texture": "#2"},
				"down": {"uv": [3.5, 7, 3, 7.5], "texture": "#2"}
			}
		},
		{
			"from": [9.59289, 3.90711, 13],
			"to": [9.89289, 6.00711, 15],
			"rotation": {"angle": -45, "axis": "z", "origin": [10.3, 5.2, 13]},
			"faces": {
				"north": {"uv": [5.75, 9.5, 5.875, 10], "texture": "#2"},
				"east": {"uv": [4.5, 7, 5, 7.5], "texture": "#2"},
				"south": {"uv": [9.5, 7.75, 9.625, 8.25], "texture": "#2"},
				"west": {"uv": [5, 7, 5.5, 7.5], "texture": "#2"},
				"up": {"uv": [9.625, 9.5, 9.5, 9], "texture": "#2"},
				"down": {"uv": [9.375, 9.5, 9.25, 10], "texture": "#2"}
			}
		},
		{
			"from": [2.59289, 3.90711, 13],
			"to": [2.89289, 6.00711, 15],
			"rotation": {"angle": -45, "axis": "z", "origin": [3.3, 5.2, 13]},
			"faces": {
				"north": {"uv": [9.5, 9.5, 9.625, 10], "texture": "#2"},
				"east": {"uv": [5.5, 7, 6, 7.5], "texture": "#2"},
				"south": {"uv": [0, 9.75, 0.125, 10.25], "texture": "#2"},
				"west": {"uv": [7, 5.75, 7.5, 6.25], "texture": "#2"},
				"up": {"uv": [9.875, 0.5, 9.75, 0], "texture": "#2"},
				"down": {"uv": [0.375, 9.75, 0.25, 10.25], "texture": "#2"}
			}
		},
		{
			"from": [11, 5, 13],
			"to": [12.2, 5.9, 15],
			"rotation": {"angle": 0, "axis": "y", "origin": [10.2, 5, 13]},
			"faces": {
				"north": {"uv": [4, 9.5, 4.25, 9.75], "texture": "#2"},
				"east": {"uv": [3.75, 8.25, 4.25, 8.5], "texture": "#2"},
				"south": {"uv": [9.5, 4, 9.75, 4.25], "texture": "#2"},
				"west": {"uv": [8.25, 4, 8.75, 4.25], "texture": "#2"},
				"up": {"uv": [5, 8.75, 4.75, 8.25], "texture": "#2"},
				"down": {"uv": [5.25, 8.25, 5, 8.75], "texture": "#2"}
			}
		},
		{
			"from": [7.5, 1.5, 10.3],
			"to": [8, 2, 12.3],
			"rotation": {"angle": 0, "axis": "y", "origin": [7.5, 0.5, 10.3]},
			"faces": {
				"north": {"uv": [9.75, 10, 9.875, 10.125], "texture": "#2"},
				"east": {"uv": [9.5, 8.25, 10, 8.375], "texture": "#2"},
				"south": {"uv": [10, 9.75, 10.125, 9.875], "texture": "#2"},
				"west": {"uv": [0.5, 9.75, 1, 9.875], "texture": "#2"},
				"up": {"uv": [9.875, 1, 9.75, 0.5], "texture": "#2"},
				"down": {"uv": [1.125, 9.75, 1, 10.25], "texture": "#2"}
			}
		},
		{
			"from": [7.7, 1.5, 10.3],
			"to": [8.2, 2, 12.3],
			"rotation": {"angle": 0, "axis": "y", "origin": [7.7, 0.5, 10.3]},
			"faces": {
				"north": {"uv": [10, 10, 10.125, 10.125], "texture": "#2"},
				"east": {"uv": [9.75, 1, 10.25, 1.125], "texture": "#2"},
				"south": {"uv": [0, 10.25, 0.125, 10.375], "texture": "#2"},
				"west": {"uv": [1.25, 9.75, 1.75, 9.875], "texture": "#2"},
				"up": {"uv": [9.875, 1.75, 9.75, 1.25], "texture": "#2"},
				"down": {"uv": [9.875, 1.75, 9.75, 2.25], "texture": "#2"}
			}
		},
		{
			"from": [7.3, 1.5, 10.3],
			"to": [7.8, 2, 12.3],
			"rotation": {"angle": 0, "axis": "y", "origin": [7.3, 0.5, 10.3]},
			"faces": {
				"north": {"uv": [0.25, 10.25, 0.375, 10.375], "texture": "#2"},
				"east": {"uv": [9.75, 2.25, 10.25, 2.375], "texture": "#2"},
				"south": {"uv": [10.25, 0.5, 10.375, 0.625], "texture": "#2"},
				"west": {"uv": [9.75, 2.5, 10.25, 2.625], "texture": "#2"},
				"up": {"uv": [9.875, 3.25, 9.75, 2.75], "texture": "#2"},
				"down": {"uv": [9.875, 3.25, 9.75, 3.75], "texture": "#2"}
			}
		},
		{
			"from": [7.5, 1.7, 10.3],
			"to": [8, 2.2, 12.3],
			"rotation": {"angle": 0, "axis": "y", "origin": [7.5, 0.7, 10.3]},
			"faces": {
				"north": {"uv": [10.25, 0.75, 10.375, 0.875], "texture": "#2"},
				"east": {"uv": [3.75, 9.75, 4.25, 9.875], "texture": "#2"},
				"south": {"uv": [1, 10.25, 1.125, 10.375], "texture": "#2"},
				"west": {"uv": [9.75, 3.75, 10.25, 3.875], "texture": "#2"},
				"up": {"uv": [4.375, 10.25, 4.25, 9.75], "texture": "#2"},
				"down": {"uv": [4.625, 9.75, 4.5, 10.25], "texture": "#2"}
			}
		},
		{
			"from": [7.5, 1.3, 10.3],
			"to": [8, 1.8, 12.3],
			"rotation": {"angle": 0, "axis": "y", "origin": [7.5, 0.3, 10.3]},
			"faces": {
				"north": {"uv": [10.25, 1, 10.375, 1.125], "texture": "#2"},
				"east": {"uv": [9.75, 4, 10.25, 4.125], "texture": "#2"},
				"south": {"uv": [1.25, 10.25, 1.375, 10.375], "texture": "#2"},
				"west": {"uv": [4.75, 9.75, 5.25, 9.875], "texture": "#2"},
				"up": {"uv": [5.375, 10.25, 5.25, 9.75], "texture": "#2"},
				"down": {"uv": [5.625, 9.75, 5.5, 10.25], "texture": "#2"}
			}
		},
		{
			"from": [3.6, 1.70711, 8.89289],
			"to": [4, 5.70711, 9.29289],
			"rotation": {"angle": 45, "axis": "x", "origin": [4, 1, 10]},
			"faces": {
				"north": {"uv": [6, 8.25, 6.125, 9.25], "texture": "#2"},
				"east": {"uv": [6.25, 8.25, 6.375, 9.25], "texture": "#2"},
				"south": {"uv": [6.5, 8.25, 6.625, 9.25], "texture": "#2"},
				"west": {"uv": [6.75, 8.25, 6.875, 9.25], "texture": "#2"},
				"up": {"uv": [1.625, 10.375, 1.5, 10.25], "texture": "#2"},
				"down": {"uv": [10.375, 1.5, 10.25, 1.625], "texture": "#2"}
			}
		},
		{
			"from": [3.2, 1.70711, 8.89289],
			"to": [3.6, 5.70711, 9.29289],
			"rotation": {"angle": 45, "axis": "x", "origin": [3.6, 1, 10]},
			"faces": {
				"north": {"uv": [7, 8.25, 7.125, 9.25], "texture": "#2"},
				"east": {"uv": [7.25, 8.25, 7.375, 9.25], "texture": "#2"},
				"south": {"uv": [7.5, 8.25, 7.625, 9.25], "texture": "#2"},
				"west": {"uv": [7.75, 8.25, 7.875, 9.25], "texture": "#2"},
				"up": {"uv": [1.875, 10.375, 1.75, 10.25], "texture": "#2"},
				"down": {"uv": [10.375, 1.75, 10.25, 1.875], "texture": "#2"}
			}
		},
		{
			"from": [2.8, 1.70711, 8.89289],
			"to": [3.2, 5.70711, 9.29289],
			"rotation": {"angle": 45, "axis": "x", "origin": [3.2, 1, 10]},
			"faces": {
				"north": {"uv": [8, 8.25, 8.125, 9.25], "texture": "#2"},
				"east": {"uv": [8.25, 8.25, 8.375, 9.25], "texture": "#2"},
				"south": {"uv": [0, 8.5, 0.125, 9.5], "texture": "#2"},
				"west": {"uv": [0.25, 8.5, 0.375, 9.5], "texture": "#2"},
				"up": {"uv": [2.125, 10.375, 2, 10.25], "texture": "#2"},
				"down": {"uv": [10.375, 2.25, 10.25, 2.375], "texture": "#2"}
			}
		},
		{
			"from": [2.4, 1.70711, 8.89289],
			"to": [2.8, 5.70711, 9.29289],
			"rotation": {"angle": 45, "axis": "x", "origin": [2.8, 1, 10]},
			"faces": {
				"north": {"uv": [0.5, 8.5, 0.625, 9.5], "texture": "#2"},
				"east": {"uv": [0.75, 8.5, 0.875, 9.5], "texture": "#2"},
				"south": {"uv": [1, 8.5, 1.125, 9.5], "texture": "#2"},
				"west": {"uv": [1.25, 8.5, 1.375, 9.5], "texture": "#2"},
				"up": {"uv": [10.375, 2.625, 10.25, 2.5], "texture": "#2"},
				"down": {"uv": [2.875, 10.25, 2.75, 10.375], "texture": "#2"}
			}
		},
		{
			"from": [13.2, 1.70711, 8.89289],
			"to": [13.6, 5.70711, 9.29289],
			"rotation": {"angle": 45, "axis": "x", "origin": [13.6, 1, 10]},
			"faces": {
				"north": {"uv": [8.5, 4.25, 8.625, 5.25], "texture": "#2"},
				"east": {"uv": [4.5, 8.5, 4.625, 9.5], "texture": "#2"},
				"south": {"uv": [5.25, 8.5, 5.375, 9.5], "texture": "#2"},
				"west": {"uv": [8.5, 5.25, 8.625, 6.25], "texture": "#2"},
				"up": {"uv": [10.375, 3.875, 10.25, 3.75], "texture": "#2"},
				"down": {"uv": [4.125, 10.25, 4, 10.375], "texture": "#2"}
			}
		},
		{
			"from": [12.8, 1.70711, 8.89289],
			"to": [13.2, 5.70711, 9.29289],
			"rotation": {"angle": 45, "axis": "x", "origin": [13.2, 1, 10]},
			"faces": {
				"north": {"uv": [3.5, 8.5, 3.625, 9.5], "texture": "#2"},
				"east": {"uv": [3.75, 8.5, 3.875, 9.5], "texture": "#2"},
				"south": {"uv": [4, 8.5, 4.125, 9.5], "texture": "#2"},
				"west": {"uv": [4.25, 8.5, 4.375, 9.5], "texture": "#2"},
				"up": {"uv": [10.375, 3.625, 10.25, 3.5], "texture": "#2"},
				"down": {"uv": [3.875, 10.25, 3.75, 10.375], "texture": "#2"}
			}
		},
		{
			"from": [12.4, 1.70711, 8.89289],
			"to": [12.8, 5.70711, 9.29289],
			"rotation": {"angle": 45, "axis": "x", "origin": [12.8, 1, 10]},
			"faces": {
				"north": {"uv": [2.5, 8.5, 2.625, 9.5], "texture": "#2"},
				"east": {"uv": [2.75, 8.5, 2.875, 9.5], "texture": "#2"},
				"south": {"uv": [3, 8.5, 3.125, 9.5], "texture": "#2"},
				"west": {"uv": [3.25, 8.5, 3.375, 9.5], "texture": "#2"},
				"up": {"uv": [10.375, 3.375, 10.25, 3.25], "texture": "#2"},
				"down": {"uv": [3.625, 10.25, 3.5, 10.375], "texture": "#2"}
			}
		},
		{
			"from": [12, 1.70711, 8.89289],
			"to": [12.4, 5.70711, 9.29289],
			"rotation": {"angle": 45, "axis": "x", "origin": [12.4, 1, 10]},
			"faces": {
				"north": {"uv": [1.5, 8.5, 1.625, 9.5], "texture": "#2"},
				"east": {"uv": [1.75, 8.5, 1.875, 9.5], "texture": "#2"},
				"south": {"uv": [2, 8.5, 2.125, 9.5], "texture": "#2"},
				"west": {"uv": [2.25, 8.5, 2.375, 9.5], "texture": "#2"},
				"up": {"uv": [3.125, 10.375, 3, 10.25], "texture": "#2"},
				"down": {"uv": [10.375, 3, 10.25, 3.125], "texture": "#2"}
			}
		},
		{
			"from": [14.1, 1.70711, 9.49289],
			"to": [14.5, 5.30711, 9.89289],
			"rotation": {"angle": 45, "axis": "x", "origin": [14.5, 1, 10.6]},
			"faces": {
				"north": {"uv": [9, 6, 9.125, 6.875], "texture": "#2"},
				"east": {"uv": [9, 7, 9.125, 7.875], "texture": "#2"},
				"south": {"uv": [9, 8, 9.125, 8.875], "texture": "#2"},
				"west": {"uv": [9, 9, 9.125, 9.875], "texture": "#2"},
				"up": {"uv": [10.375, 4.625, 10.25, 4.5], "texture": "#2"},
				"down": {"uv": [4.875, 10.25, 4.75, 10.375], "texture": "#2"}
			}
		},
		{
			"from": [13.7, 1.70711, 9.49289],
			"to": [14.1, 5.30711, 9.89289],
			"rotation": {"angle": 45, "axis": "x", "origin": [14.1, 1, 10.6]},
			"faces": {
				"north": {"uv": [9, 2, 9.125, 2.875], "texture": "#2"},
				"east": {"uv": [9, 3, 9.125, 3.875], "texture": "#2"},
				"south": {"uv": [9, 4, 9.125, 4.875], "texture": "#2"},
				"west": {"uv": [9, 5, 9.125, 5.875], "texture": "#2"},
				"up": {"uv": [10.375, 4.375, 10.25, 4.25], "texture": "#2"},
				"down": {"uv": [4.625, 10.25, 4.5, 10.375], "texture": "#2"}
			}
		},
		{
			"from": [13.3, 1.70711, 9.49289],
			"to": [13.7, 5.30711, 9.89289],
			"rotation": {"angle": 45, "axis": "x", "origin": [13.7, 1, 10.6]},
			"faces": {
				"north": {"uv": [8.5, 8.75, 8.625, 9.625], "texture": "#2"},
				"east": {"uv": [8.75, 8.75, 8.875, 9.625], "texture": "#2"},
				"south": {"uv": [9, 0, 9.125, 0.875], "texture": "#2"},
				"west": {"uv": [9, 1, 9.125, 1.875], "texture": "#2"},
				"up": {"uv": [10.375, 4.125, 10.25, 4], "texture": "#2"},
				"down": {"uv": [4.375, 10.25, 4.25, 10.375], "texture": "#2"}
			}
		},
		{
			"from": [2.1, 4.00711, 12.80711],
			"to": [2.5, 4.40711, 14.60711],
			"rotation": {"angle": -22.5, "axis": "x", "origin": [2.5, 3.3, 12.1]},
			"faces": {
				"north": {"uv": [10.25, 5.25, 10.375, 5.375], "texture": "#2"},
				"east": {"uv": [9.75, 8, 10.25, 8.125], "texture": "#2"},
				"south": {"uv": [5.5, 10.25, 5.625, 10.375], "texture": "#2"},
				"west": {"uv": [8.5, 9.75, 9, 9.875], "texture": "#2"},
				"up": {"uv": [9.875, 9.5, 9.75, 9], "texture": "#2"},
				"down": {"uv": [9.875, 9.5, 9.75, 10], "texture": "#2"}
			}
		},
		{
			"from": [1.7, 4.00711, 12.80711],
			"to": [2.1, 4.40711, 14.60711],
			"rotation": {"angle": -22.5, "axis": "x", "origin": [2.1, 3.3, 12.1]},
			"faces": {
				"north": {"uv": [10.25, 5, 10.375, 5.125], "texture": "#2"},
				"east": {"uv": [7.5, 9.75, 8, 9.875], "texture": "#2"},
				"south": {"uv": [5.25, 10.25, 5.375, 10.375], "texture": "#2"},
				"west": {"uv": [9.75, 7.75, 10.25, 7.875], "texture": "#2"},
				"up": {"uv": [8.125, 10.25, 8, 9.75], "texture": "#2"},
				"down": {"uv": [8.375, 9.75, 8.25, 10.25], "texture": "#2"}
			}
		},
		{
			"from": [1.3, 4.00711, 12.80711],
			"to": [1.7, 4.40711, 14.60711],
			"rotation": {"angle": -22.5, "axis": "x", "origin": [1.7, 3.3, 12.1]},
			"faces": {
				"north": {"uv": [10.25, 4.75, 10.375, 4.875], "texture": "#2"},
				"east": {"uv": [6, 9.75, 6.5, 9.875], "texture": "#2"},
				"south": {"uv": [5, 10.25, 5.125, 10.375], "texture": "#2"},
				"west": {"uv": [6.5, 9.75, 7, 9.875], "texture": "#2"},
				"up": {"uv": [7.125, 10.25, 7, 9.75], "texture": "#2"},
				"down": {"uv": [7.375, 9.75, 7.25, 10.25], "texture": "#2"}
			}
		},
		{
			"from": [13.2, 4.00711, 12.80711],
			"to": [13.6, 4.40711, 14.60711],
			"rotation": {"angle": -22.5, "axis": "x", "origin": [13.6, 3.3, 12.1]},
			"faces": {
				"north": {"uv": [10.25, 5.5, 10.375, 5.625], "texture": "#2"},
				"east": {"uv": [10, 0, 10.5, 0.125], "texture": "#2"},
				"south": {"uv": [5.75, 10.25, 5.875, 10.375], "texture": "#2"},
				"west": {"uv": [10, 0.25, 10.5, 0.375], "texture": "#2"},
				"up": {"uv": [0.625, 10.5, 0.5, 10], "texture": "#2"},
				"down": {"uv": [10.125, 0.5, 10, 1], "texture": "#2"}
			}
		},
		{
			"from": [2.1, 1.70711, 9.49289],
			"to": [2.5, 5.70711, 9.89289],
			"rotation": {"angle": 45, "axis": "x", "origin": [2.5, 1, 10.6]},
			"faces": {
				"north": {"uv": [5, 8.75, 5.125, 9.75], "texture": "#2"},
				"east": {"uv": [8.75, 5.25, 8.875, 6.25], "texture": "#2"},
				"south": {"uv": [8.75, 6.75, 8.875, 7.75], "texture": "#2"},
				"west": {"uv": [8.75, 7.75, 8.875, 8.75], "texture": "#2"},
				"up": {"uv": [10.375, 7.125, 10.25, 7], "texture": "#2"},
				"down": {"uv": [7.375, 10.25, 7.25, 10.375], "texture": "#2"}
			}
		},
		{
			"from": [1.7, 1.70711, 9.49289],
			"to": [2.1, 5.70711, 9.89289],
			"rotation": {"angle": 45, "axis": "x", "origin": [2.1, 1, 10.6]},
			"faces": {
				"north": {"uv": [8.75, 2.25, 8.875, 3.25], "texture": "#2"},
				"east": {"uv": [8.75, 3.25, 8.875, 4.25], "texture": "#2"},
				"south": {"uv": [8.75, 4.25, 8.875, 5.25], "texture": "#2"},
				"west": {"uv": [4.75, 8.75, 4.875, 9.75], "texture": "#2"},
				"up": {"uv": [10.375, 6.875, 10.25, 6.75], "texture": "#2"},
				"down": {"uv": [7.125, 10.25, 7, 10.375], "texture": "#2"}
			}
		},
		{
			"from": [1.3, 1.70711, 9.49289],
			"to": [1.7, 5.70711, 9.89289],
			"rotation": {"angle": 45, "axis": "x", "origin": [1.7, 1, 10.6]},
			"faces": {
				"north": {"uv": [5.5, 8.5, 5.625, 9.5], "texture": "#2"},
				"east": {"uv": [5.75, 8.5, 5.875, 9.5], "texture": "#2"},
				"south": {"uv": [8.5, 7.75, 8.625, 8.75], "texture": "#2"},
				"west": {"uv": [8.75, 0, 8.875, 1], "texture": "#2"},
				"up": {"uv": [10.375, 6.625, 10.25, 6.5], "texture": "#2"},
				"down": {"uv": [6.875, 10.25, 6.75, 10.375], "texture": "#2"}
			}
		},
		{
			"from": [14, 4.00711, 12.80711],
			"to": [14.4, 4.40711, 14.60711],
			"rotation": {"angle": -22.5, "axis": "x", "origin": [14.4, 3.3, 12.1]},
			"faces": {
				"north": {"uv": [10.25, 6.25, 10.375, 6.375], "texture": "#2"},
				"east": {"uv": [2.75, 10, 3.25, 10.125], "texture": "#2"},
				"south": {"uv": [6.5, 10.25, 6.625, 10.375], "texture": "#2"},
				"west": {"uv": [10, 2.75, 10.5, 2.875], "texture": "#2"},
				"up": {"uv": [10.125, 3.5, 10, 3], "texture": "#2"},
				"down": {"uv": [3.375, 10, 3.25, 10.5], "texture": "#2"}
			}
		},
		{
			"from": [13.6, 4.00711, 12.80711],
			"to": [14, 4.40711, 14.60711],
			"rotation": {"angle": -22.5, "axis": "x", "origin": [14, 3.3, 12.1]},
			"faces": {
				"north": {"uv": [10.25, 6, 10.375, 6.125], "texture": "#2"},
				"east": {"uv": [1.75, 10, 2.25, 10.125], "texture": "#2"},
				"south": {"uv": [6.25, 10.25, 6.375, 10.375], "texture": "#2"},
				"west": {"uv": [10, 2, 10.5, 2.125], "texture": "#2"},
				"up": {"uv": [2.375, 10.5, 2.25, 10], "texture": "#2"},
				"down": {"uv": [2.625, 10, 2.5, 10.5], "texture": "#2"}
			}
		},
		{
			"from": [13.2, 4.00711, 12.80711],
			"to": [13.6, 4.40711, 14.60711],
			"rotation": {"angle": -22.5, "axis": "x", "origin": [13.6, 3.3, 12.1]},
			"faces": {
				"north": {"uv": [10.25, 5.75, 10.375, 5.875], "texture": "#2"},
				"east": {"uv": [1.25, 10, 1.75, 10.125], "texture": "#2"},
				"south": {"uv": [6, 10.25, 6.125, 10.375], "texture": "#2"},
				"west": {"uv": [10, 1.25, 10.5, 1.375], "texture": "#2"},
				"up": {"uv": [0.875, 10.5, 0.75, 10], "texture": "#2"},
				"down": {"uv": [10.125, 1.5, 10, 2], "texture": "#2"}
			}
		}
	],
	"display": {
		"ground": {
			"scale": [2.1, 3, 3]
		},
		"gui": {
			"rotation": [30, 180, -5],
			"translation": [0.25, 2, 0]
		},
		"head": {
			"translation": [0, 14.75, -17.5],
			"scale": [2.4, 3, 3.3]
		},
		"fixed": {
			"translation": [0, 0, -6]
		}
	},
	"groups": [
		{
			"name": "group",
			"origin": [1, 0.4, 2.3],
			"color": 0,
			"children": []
		},
		{
			"name": "group",
			"origin": [1, 0.4, 2.3],
			"color": 0,
			"children": [
				0,
				1,
				2,
				3,
				4,
				5,
				6,
				{
					"name": "group",
					"origin": [1, 0.4, 2.3],
					"color": 0,
					"children": [7, 8, 9, 10, 11, 12, 13]
				}
			]
		},
		14,
		15,
		16,
		17,
		18,
		19,
		20,
		21,
		22,
		23,
		24,
		25,
		26,
		27,
		28,
		29,
		30,
		31,
		32,
		33,
		34,
		35,
		36,
		37,
		38,
		39,
		40,
		41,
		42,
		43,
		44,
		45,
		46,
		47,
		48,
		49,
		50,
		51,
		52,
		53,
		54,
		55,
		56,
		57,
		58,
		59,
		60,
		61,
		62,
		63,
		64,
		65,
		66,
		67,
		68,
		69,
		70,
		71,
		72
	]
}
{
  "parent": "item/handheld",
  "textures": {
    "layer0": "item/diamond_pickaxe"
  },
  "overrides": [
    { "predicate": { "custom_model_data": 1 }, "model": "item/dein_modellname_1" }
  ]
}
