{
	"format_version": "1.21.6",
	"credit": "Made with Blockbench",
	"texture_size": [32, 32],
	"textures": {
		"0": "block/spyglass"
	},
	"elements": [
		{
			"from": [4.846, -0.25, 4.346],
			"to": [5.154, 4.5, 4.654],
			"rotation": {"angle": -25.01773, "axis": "x", "origin": [5, 0.5, 4.5]},
			"rotated": [-25.01773, -29.69333, 45.69634],
			"faces": {
				"north": {"uv": [6, 3.5, 6.125, 5.875], "texture": "#0"},
				"east": {"uv": [6, 6, 6.125, 8.375], "texture": "#0"},
				"south": {"uv": [6.5, 3.5, 6.625, 5.875], "texture": "#0"},
				"west": {"uv": [5, 6.5, 5.125, 8.875], "texture": "#0"},
				"up": {"uv": [4.625, 10.125, 4.5, 10], "texture": "#0"},
				"down": {"uv": [10.125, 4.5, 10, 4.625], "texture": "#0"}
			}
		},
		{
			"from": [0.88947, -1.80563, 2.80122],
			"to": [1.19747, 2.94437, 3.10922],
			"rotation": {"angle": -17.96959, "axis": "x", "origin": [3, 0.5, 3]},
			"rotated": [-17.96959, 20.80066, -41.99044],
			"faces": {
				"north": {"uv": [5.5, 6.5, 5.625, 8.875], "texture": "#0"},
				"east": {"uv": [6.5, 6, 6.625, 8.375], "texture": "#0"},
				"south": {"uv": [7, 0, 7.125, 2.375], "texture": "#0"},
				"west": {"uv": [7, 2.5, 7.125, 4.875], "texture": "#0"},
				"up": {"uv": [5.125, 10.125, 5, 10], "texture": "#0"},
				"down": {"uv": [10.125, 5, 10, 5.125], "texture": "#0"}
			}
		},
		{
			"from": [2.846, -0.25, 0.346],
			"to": [3.154, 4.5, 0.654],
			"rotation": {"angle": 92.09241, "axis": "x", "origin": [3, 0.5, 0.5]},
			"rotated": [92.09241, -51.19823, -92.83783],
			"faces": {
				"north": {"uv": [1, 6, 1.125, 8.375], "texture": "#0"},
				"east": {"uv": [1.5, 6, 1.625, 8.375], "texture": "#0"},
				"south": {"uv": [2.5, 6, 2.625, 8.375], "texture": "#0"},
				"west": {"uv": [3, 6, 3.125, 8.375], "texture": "#0"},
				"up": {"uv": [4.125, 10.125, 4, 10], "texture": "#0"},
				"down": {"uv": [10.125, 4, 10, 4.125], "texture": "#0"}
			}
		},
		{
			"from": [2.942, 1.442, 2.942],
			"to": [4.622, 1.558, 3.058],
			"rotation": {"angle": -37.5, "axis": "y", "origin": [3, 0.5, 3]},
			"faces": {
				"north": {"uv": [0, 9, 0.875, 9.125], "texture": "#0"},
				"east": {"uv": [5.5, 10, 5.625, 10.125], "texture": "#0"},
				"south": {"uv": [9, 0, 9.875, 0.125], "texture": "#0"},
				"west": {"uv": [10, 5.5, 10.125, 5.625], "texture": "#0"},
				"up": {"uv": [9.875, 0.625, 9, 0.5], "texture": "#0"},
				"down": {"uv": [9.875, 1, 9, 1.125], "texture": "#0"}
			}
		},
		{
			"from": [2.91, 1.442, 2.942],
			"to": [4.622, 1.558, 3.058],
			"rotation": {"angle": 90, "axis": "y", "origin": [3, 0.5, 3]},
			"faces": {
				"north": {"uv": [9, 3.5, 9.875, 3.625], "texture": "#0"},
				"east": {"uv": [6.5, 10, 6.625, 10.125], "texture": "#0"},
				"south": {"uv": [9, 4, 9.875, 4.125], "texture": "#0"},
				"west": {"uv": [10, 6.5, 10.125, 6.625], "texture": "#0"},
				"up": {"uv": [9.875, 4.625, 9, 4.5], "texture": "#0"},
				"down": {"uv": [5.875, 9, 5, 9.125], "texture": "#0"}
			}
		},
		{
			"from": [2.942, 1.442, 2.942],
			"to": [4.622, 1.558, 3.058],
			"rotation": {"angle": 179.93531, "axis": "x", "origin": [3, 0.5, 3]},
			"rotated": [179.93531, -26.74739, -175.78928],
			"faces": {
				"north": {"uv": [9, 1.5, 9.875, 1.625], "texture": "#0"},
				"east": {"uv": [6, 10, 6.125, 10.125], "texture": "#0"},
				"south": {"uv": [9, 2, 9.875, 2.125], "texture": "#0"},
				"west": {"uv": [10, 6, 10.125, 6.125], "texture": "#0"},
				"up": {"uv": [9.875, 2.625, 9, 2.5], "texture": "#0"},
				"down": {"uv": [9.875, 3, 9, 3.125], "texture": "#0"}
			}
		},
		{
			"from": [2.864, 1.462, 2.864],
			"to": [3.136, 6.768, 3.136],
			"rotation": {"angle": 45, "axis": "y", "origin": [3, 2.808, 3]},
			"faces": {
				"north": {"uv": [3.5, 5.5, 3.625, 8.125], "texture": "#0"},
				"east": {"uv": [5.5, 3.5, 5.625, 6.125], "texture": "#0"},
				"south": {"uv": [0, 6, 0.125, 8.625], "texture": "#0"},
				"west": {"uv": [0.5, 6, 0.625, 8.625], "texture": "#0"},
				"up": {"uv": [7.125, 10.125, 7, 10], "texture": "#0"},
				"down": {"uv": [7.625, 10, 7.5, 10.125], "texture": "#0"}
			}
		},
		{
			"from": [2.896, 5.212, 2.896],
			"to": [3.104, 11.268, 3.104],
			"rotation": {"angle": 45, "axis": "y", "origin": [3, 6.808, 3]},
			"faces": {
				"north": {"uv": [5, 3.5, 5.125, 6.5], "texture": "#0"},
				"east": {"uv": [4, 5, 4.125, 8], "texture": "#0"},
				"south": {"uv": [4.5, 5, 4.625, 8], "texture": "#0"},
				"west": {"uv": [2, 5.5, 2.125, 8.5], "texture": "#0"},
				"up": {"uv": [8.625, 10.125, 8.5, 10], "texture": "#0"},
				"down": {"uv": [9.125, 10, 9, 10.125], "texture": "#0"}
			}
		},
		{
			"from": [2.838, 10.212, 2.838],
			"to": [3.162, 11.428, 3.162],
			"rotation": {"angle": 45, "axis": "y", "origin": [3, 6.808, 3]},
			"faces": {
				"north": {"uv": [10, 1, 10.125, 1.625], "texture": "#0"},
				"east": {"uv": [1.5, 10, 1.625, 10.625], "texture": "#0"},
				"south": {"uv": [2, 10, 2.125, 10.625], "texture": "#0"},
				"west": {"uv": [10, 2, 10.125, 2.625], "texture": "#0"},
				"up": {"uv": [0.625, 10.625, 0.5, 10.5], "texture": "#0"},
				"down": {"uv": [10.625, 0.5, 10.5, 0.625], "texture": "#0"}
			}
		},
		{
			"from": [1.25, 11.096, 2.846],
			"to": [4.75, 11.404, 3.154],
			"rotation": {"angle": -90, "axis": "x", "origin": [3, 11.25, 3]},
			"faces": {
				"north": {"uv": [7, 5, 8.75, 5.125], "texture": "#0"},
				"east": {"uv": [10, 9, 10.125, 9.125], "texture": "#0"},
				"south": {"uv": [7, 5.5, 8.75, 5.625], "texture": "#0"},
				"west": {"uv": [9.5, 10, 9.625, 10.125], "texture": "#0"},
				"up": {"uv": [8.75, 6.125, 7, 6], "texture": "#0"},
				"down": {"uv": [8.75, 6.5, 7, 6.625], "texture": "#0"}
			}
		},
		{
			"from": [4.475, 11.25, 2.878],
			"to": [4.719, 13.25, 3.122],
			"rotation": {"angle": 0, "axis": "y", "origin": [4.597, 11.25, 3]},
			"faces": {
				"north": {"uv": [6.5, 2, 6.625, 3], "texture": "#0"},
				"east": {"uv": [2.5, 8.5, 2.625, 9.5], "texture": "#0"},
				"south": {"uv": [3, 8.5, 3.125, 9.5], "texture": "#0"},
				"west": {"uv": [8.5, 3, 8.625, 4], "texture": "#0"},
				"up": {"uv": [10.125, 9.625, 10, 9.5], "texture": "#0"},
				"down": {"uv": [10.125, 10, 10, 10.125], "texture": "#0"}
			}
		},
		{
			"from": [1.275, 11.25, 2.878],
			"to": [1.519, 13.25, 3.122],
			"rotation": {"angle": 0, "axis": "y", "origin": [1.397, 11.25, 3]},
			"faces": {
				"north": {"uv": [3.5, 8.5, 3.625, 9.5], "texture": "#0"},
				"east": {"uv": [8.5, 4, 8.625, 5], "texture": "#0"},
				"south": {"uv": [6, 8.5, 6.125, 9.5], "texture": "#0"},
				"west": {"uv": [6.5, 8.5, 6.625, 9.5], "texture": "#0"},
				"up": {"uv": [0.125, 10.625, 0, 10.5], "texture": "#0"},
				"down": {"uv": [10.625, 0, 10.5, 0.125], "texture": "#0"}
			}
		},
		{
			"from": [1.154, 13.038, 2.788],
			"to": [4.846, 13.462, 3.212],
			"rotation": {"angle": -45, "axis": "x", "origin": [3, 13.25, 3]},
			"faces": {
				"north": {"uv": [5, 1, 6.875, 1.25], "texture": "#0"},
				"east": {"uv": [10, 3, 10.25, 3.25], "texture": "#0"},
				"south": {"uv": [5, 1.5, 6.875, 1.75], "texture": "#0"},
				"west": {"uv": [10, 3.5, 10.25, 3.75], "texture": "#0"},
				"up": {"uv": [3.875, 5.25, 2, 5], "texture": "#0"},
				"down": {"uv": [6.875, 3, 5, 3.25], "texture": "#0"}
			}
		},
		{
			"from": [1.75, 12.03235, 2.02457],
			"to": [4.25, 14.53235, 4.02457],
			"rotation": {"angle": 0, "axis": "y", "origin": [3, 12.28235, 3.02457]},
			"faces": {
				"north": {"uv": [0, 0, 1.25, 1.25], "texture": "#0"},
				"east": {"uv": [1.5, 0, 2.5, 1.25], "texture": "#0"},
				"south": {"uv": [0, 1.5, 1.25, 2.75], "texture": "#0"},
				"west": {"uv": [1.5, 1.5, 2.5, 2.75], "texture": "#0"},
				"up": {"uv": [3.75, 1, 2.5, 0], "texture": "#0"},
				"down": {"uv": [3.75, 1, 2.5, 2], "texture": "#0"}
			}
		},
		{
			"from": [2, 14.53235, 2.52457],
			"to": [4, 14.78235, 4.02457],
			"rotation": {"angle": 0, "axis": "y", "origin": [3, 14.78235, 3.27457]},
			"faces": {
				"north": {"uv": [5.5, 2.5, 6.5, 2.625], "texture": "#0"},
				"east": {"uv": [4, 9.5, 4.75, 9.625], "texture": "#0"},
				"south": {"uv": [7.5, 4.5, 8.5, 4.625], "texture": "#0"},
				"west": {"uv": [5, 9.5, 5.75, 9.625], "texture": "#0"},
				"up": {"uv": [1, 4.75, 0, 4], "texture": "#0"},
				"down": {"uv": [5, 0, 4, 0.75], "texture": "#0"}
			}
		},
		{
			"from": [2.096, 14.78235, 4.09457],
			"to": [3.904, 14.90435, 5.44657],
			"rotation": {"angle": -22.5, "axis": "x", "origin": [3, 15.03235, 4.84457]},
			"faces": {
				"north": {"uv": [9, 5, 9.875, 5.125], "texture": "#0"},
				"east": {"uv": [9.5, 7, 10.125, 7.125], "texture": "#0"},
				"south": {"uv": [9, 5.5, 9.875, 5.625], "texture": "#0"},
				"west": {"uv": [9.5, 7.5, 10.125, 7.625], "texture": "#0"},
				"up": {"uv": [2.875, 4.625, 2, 4], "texture": "#0"},
				"down": {"uv": [3.875, 4, 3, 4.625], "texture": "#0"}
			}
		},
		{
			"from": [2.096, 11.71835, 4.09457],
			"to": [3.904, 11.84035, 5.44657],
			"rotation": {"angle": 22.5, "axis": "x", "origin": [3, 11.96835, 4.84457]},
			"faces": {
				"north": {"uv": [9, 6, 9.875, 6.125], "texture": "#0"},
				"east": {"uv": [9.5, 8, 10.125, 8.125], "texture": "#0"},
				"south": {"uv": [9, 6.5, 9.875, 6.625], "texture": "#0"},
				"west": {"uv": [9.5, 8.5, 10.125, 8.625], "texture": "#0"},
				"up": {"uv": [4.875, 3.625, 4, 3], "texture": "#0"},
				"down": {"uv": [4.875, 4, 4, 4.625], "texture": "#0"}
			}
		},
		{
			"from": [2, 11.78235, 2.52457],
			"to": [4, 12.03235, 4.02457],
			"rotation": {"angle": 0, "axis": "y", "origin": [3, 12.03235, 3.27457]},
			"faces": {
				"north": {"uv": [8.5, 8, 9.5, 8.125], "texture": "#0"},
				"east": {"uv": [6, 9.5, 6.75, 9.625], "texture": "#0"},
				"south": {"uv": [8.5, 8.5, 9.5, 8.625], "texture": "#0"},
				"west": {"uv": [7, 9.5, 7.75, 9.625], "texture": "#0"},
				"up": {"uv": [2, 4.75, 1, 4], "texture": "#0"},
				"down": {"uv": [5, 1, 4, 1.75], "texture": "#0"}
			}
		},
		{
			"from": [1.564, 12.28235, 2.52457],
			"to": [1.75, 14.28235, 4.02457],
			"rotation": {"angle": 0, "axis": "y", "origin": [2.5, 12.28235, 3.27457]},
			"faces": {
				"north": {"uv": [7, 8.5, 7.125, 9.5], "texture": "#0"},
				"east": {"uv": [1, 3, 1.75, 4], "texture": "#0"},
				"south": {"uv": [8.5, 7, 8.625, 8], "texture": "#0"},
				"west": {"uv": [2, 3, 2.75, 4], "texture": "#0"},
				"up": {"uv": [0.625, 10.25, 0.5, 9.5], "texture": "#0"},
				"down": {"uv": [2.625, 9.5, 2.5, 10.25], "texture": "#0"}
			}
		},
		{
			"from": [4.25, 12.28235, 2.52457],
			"to": [4.436, 14.28235, 4.02457],
			"rotation": {"angle": 0, "axis": "y", "origin": [3.5, 12.28235, 3.27457]},
			"faces": {
				"north": {"uv": [7.5, 8.5, 7.625, 9.5], "texture": "#0"},
				"east": {"uv": [3, 3, 3.75, 4], "texture": "#0"},
				"south": {"uv": [8, 8.5, 8.125, 9.5], "texture": "#0"},
				"west": {"uv": [3.5, 2, 4.25, 3], "texture": "#0"},
				"up": {"uv": [3.125, 10.25, 3, 9.5], "texture": "#0"},
				"down": {"uv": [3.625, 9.5, 3.5, 10.25], "texture": "#0"}
			}
		},
		{
			"from": [4.41, 12.41035, 4.15857],
			"to": [4.532, 14.21835, 5.51057],
			"rotation": {"angle": 22.5, "axis": "y", "origin": [4.471, 13.31435, 4.65857]},
			"faces": {
				"north": {"uv": [9, 7, 9.125, 7.875], "texture": "#0"},
				"east": {"uv": [4.5, 2, 5.125, 2.875], "texture": "#0"},
				"south": {"uv": [8.5, 9, 8.625, 9.875], "texture": "#0"},
				"west": {"uv": [0, 5, 0.625, 5.875], "texture": "#0"},
				"up": {"uv": [8.125, 10.125, 8, 9.5], "texture": "#0"},
				"down": {"uv": [9.625, 9, 9.5, 9.625], "texture": "#0"}
			}
		},
		{
			"from": [1.468, 12.41035, 4.15857],
			"to": [1.59, 14.21835, 5.51057],
			"rotation": {"angle": -22.5, "axis": "y", "origin": [1.529, 13.31435, 4.65857]},
			"faces": {
				"north": {"uv": [9, 9, 9.125, 9.875], "texture": "#0"},
				"east": {"uv": [5, 0, 5.625, 0.875], "texture": "#0"},
				"south": {"uv": [0, 9.5, 0.125, 10.375], "texture": "#0"},
				"west": {"uv": [1, 5, 1.625, 5.875], "texture": "#0"},
				"up": {"uv": [10.125, 0.625, 10, 0], "texture": "#0"},
				"down": {"uv": [1.125, 10, 1, 10.625], "texture": "#0"}
			}
		},
		{
			"from": [2, 13.28235, 1.77457],
			"to": [4, 14.78235, 2.52457],
			"rotation": {"angle": 5, "axis": "x", "origin": [3, 12.78235, 2.52457]},
			"faces": {
				"north": {"uv": [2.5, 2, 3.5, 2.75], "texture": "#0"},
				"east": {"uv": [6, 0, 6.375, 0.75], "texture": "#0"},
				"south": {"uv": [0, 3, 1, 3.75], "texture": "#0"},
				"west": {"uv": [6.5, 0, 6.875, 0.75], "texture": "#0"},
				"up": {"uv": [6.5, 2.375, 5.5, 2], "texture": "#0"},
				"down": {"uv": [3.5, 5.5, 2.5, 5.875], "texture": "#0"}
			}
		},
		{
			"from": [1.63, 12.032, 4.006],
			"to": [1.874, 14.532, 4.25],
			"rotation": {"angle": 0, "axis": "y", "origin": [1.752, 12.282, 4.128]},
			"faces": {
				"north": {"uv": [7, 7, 7.125, 8.25], "texture": "#0"},
				"east": {"uv": [7.5, 0, 7.625, 1.25], "texture": "#0"},
				"south": {"uv": [7.5, 1.5, 7.625, 2.75], "texture": "#0"},
				"west": {"uv": [7.5, 3, 7.625, 4.25], "texture": "#0"},
				"up": {"uv": [10.625, 1.125, 10.5, 1], "texture": "#0"},
				"down": {"uv": [10.625, 1.5, 10.5, 1.625], "texture": "#0"}
			}
		},
		{
			"from": [4.126, 12.032, 4.006],
			"to": [4.37, 14.532, 4.25],
			"rotation": {"angle": 0, "axis": "y", "origin": [4.248, 12.282, 4.128]},
			"faces": {
				"north": {"uv": [7.5, 7, 7.625, 8.25], "texture": "#0"},
				"east": {"uv": [8, 0, 8.125, 1.25], "texture": "#0"},
				"south": {"uv": [8, 1.5, 8.125, 2.75], "texture": "#0"},
				"west": {"uv": [8, 3, 8.125, 4.25], "texture": "#0"},
				"up": {"uv": [10.625, 2.125, 10.5, 2], "texture": "#0"},
				"down": {"uv": [2.625, 10.5, 2.5, 10.625], "texture": "#0"}
			}
		},
		{
			"from": [3.876, 14.282, 4.006],
			"to": [4.12, 16.782, 4.25],
			"rotation": {"angle": 90, "axis": "z", "origin": [3.998, 14.532, 4.128]},
			"faces": {
				"north": {"uv": [4, 8, 4.125, 9.25], "texture": "#0"},
				"east": {"uv": [4.5, 8, 4.625, 9.25], "texture": "#0"},
				"south": {"uv": [8, 7, 8.125, 8.25], "texture": "#0"},
				"west": {"uv": [8.5, 0, 8.625, 1.25], "texture": "#0"},
				"up": {"uv": [10.625, 2.625, 10.5, 2.5], "texture": "#0"},
				"down": {"uv": [3.125, 10.5, 3, 10.625], "texture": "#0"}
			}
		},
		{
			"from": [3.876, 9.782, 4.006],
			"to": [4.12, 12.282, 4.25],
			"rotation": {"angle": -90, "axis": "z", "origin": [3.998, 12.032, 4.128]},
			"faces": {
				"north": {"uv": [1, 8.5, 1.125, 9.75], "texture": "#0"},
				"east": {"uv": [1.5, 8.5, 1.625, 9.75], "texture": "#0"},
				"south": {"uv": [8.5, 1.5, 8.625, 2.75], "texture": "#0"},
				"west": {"uv": [2, 8.5, 2.125, 9.75], "texture": "#0"},
				"up": {"uv": [10.625, 3.125, 10.5, 3], "texture": "#0"},
				"down": {"uv": [3.625, 10.5, 3.5, 10.625], "texture": "#0"}
			}
		}
	],
	"groups": [
		0,
		1,
		2,
		3,
		4,
		5,
		6,
		{
			"name": "bone",
			"origin": [-0.001, 11.34333, 0],
			"color": 0,
			"children": [
				7,
				8,
				9,
				10,
				11,
				12,
				{
					"name": "head",
					"origin": [0, 13.23727, 0.01518],
					"color": 0,
					"children": [13, 14, 15, 16, 17, 18, 19, 20, 21, 22, 23, 24, 25, 26]
				}
			]
		}
	]
}