{
	"format_version": "1.21.6",
	"credit": "Made with Blockbench",
	"texture_size": [32, 32],
	"textures": {
		"1": "block/tripwire_hook"
	},
	"elements": [
		{
			"from": [1.5, 0, 7],
			"to": [15.5, 0.3, 10],
			"rotation": {"angle": 0, "axis": "y", "origin": [1.5, 0, 10]},
			"faces": {
				"north": {"uv": [3, 3, 10, 3.5], "texture": "#1"},
				"east": {"uv": [4, 4.5, 5.5, 5], "texture": "#1"},
				"south": {"uv": [3, 3.5, 10, 4], "texture": "#1"},
				"west": {"uv": [4, 4, 5.5, 4.5], "texture": "#1"},
				"up": {"uv": [1.5, 7, 0, 0], "rotation": 270, "texture": "#1"},
				"down": {"uv": [3, 0, 1.5, 7], "rotation": 90, "texture": "#1"}
			}
		},
		{
			"from": [2.6, 0.3, 8.3],
			"to": [14.6, 1.3, 8.7],
			"rotation": {"angle": 0, "axis": "y", "origin": [12.6, 0.3, 10.3]},
			"faces": {
				"north": {"uv": [3, 0, 9, 1.5], "texture": "#1"},
				"east": {"uv": [4.5, 5, 5, 6.5], "texture": "#1"},
				"south": {"uv": [3, 1.5, 9, 3], "texture": "#1"},
				"west": {"uv": [4, 5, 4.5, 6.5], "texture": "#1"},
				"up": {"uv": [3.5, 10, 3, 4], "rotation": 270, "texture": "#1"},
				"down": {"uv": [4, 4, 3.5, 10], "rotation": 90, "texture": "#1"}
			}
		}
	],
	"display": {
		"head": {
			"translation": [0, 14.25, 0]
		}
	}
}